PLAYER_NAME,iso_freq,iso_ppp,iso_poss,tr_freq,tr_ppp,tr_poss,prb_freq,prb_ppp,prb_poss,prr_freq,prr_ppp,prr_poss,pu_freq,pu_ppp,pu_poss,su_freq,su_ppp,su_poss,ho_freq,ho_ppp,ho_poss,cut_freq,cut_ppp,cut_poss,os_freq,os_ppp,os_poss,putback_freq,putback_ppp,putback_poss,misc_freq,misc_ppp,misc_poss
Aaron Gordon,0.055,0.76,52.2,0.167,1.112,150.8,0.138,0.64,127.60000000000001,0.025,1.217,23.200000000000003,0.141,0.922,127.60000000000001,0.162,0.85,145.0,0.057,0.635,52.2,0.081,1.608,75.4,0.032,0.448,29.0,0.083,1.053,75.4,0.059,0.5,52.2
Aaron Holiday,0.07,1.048,40.599999999999994,0.182,0.809,110.19999999999999,0.358,0.722,214.60000000000002,0.0,0.0,0.0,0.0,0.0,0.0,0.249,1.233,150.8,0.06,0.861,34.8,0.0,0.0,0.0,0.02,1.0,11.600000000000001,0.0,0.0,0.0,0.041,0.48,23.200000000000003
Abdel Nader,0.0,0.0,0.0,0.182,1.235,52.800000000000004,0.096,0.667,28.799999999999997,0.0,0.0,0.0,0.0,0.0,0.0,0.407,0.895,115.19999999999999,0.061,0.706,19.200000000000003,0.046,1.615,14.399999999999999,0.086,1.375,24.0,0.0,0.0,0.0,0.054,0.733,14.399999999999999
Adam Mokoka,0.0,0.0,0.0,0.0,0.0,0.0,0.0,0.0,0.0,0.0,0.0,0.0,0.0,0.0,0.0,0.419,0.769,13.2,0.0,0.0,0.0,0.0,0.0,0.0,0.0,0.0,0.0,0.0,0.0,0.0,0.0,0.0,0.0
Admiral Schofield,0.0,0.0,0.0,0.161,1.286,13.5,0.0,0.0,0.0,0.126,1.091,10.8,0.0,0.0,0.0,0.402,0.771,35.1,0.0,0.0,0.0,0.0,0.0,0.0,0.0,0.0,0.0,0.0,0.0,0.0,0.0,0.0,0.0
Al Horford,0.035,0.615,24.0,0.154,1.172,114.0,0.0,0.0,0.0,0.185,1.043,138.0,0.23,0.902,174.0,0.202,0.855,150.0,0.0,0.0,0.0,0.051,1.395,36.0,0.023,0.882,18.0,0.048,1.139,36.0,0.061,0.413,48.0
Al-Farouq Aminu,0.0,0.0,0.0,0.178,0.571,21.599999999999998,0.0,0.0,0.0,0.0,0.0,0.0,0.0,0.0,0.0,0.364,0.488,43.199999999999996,0.0,0.0,0.0,0.119,1.071,14.4,0.0,0.0,0.0,0.119,0.786,14.4,0.0,0.0,0.0
Alec Burks,0.071,0.873,52.800000000000004,0.127,1.163,96.0,0.358,0.92,278.4,0.0,0.0,0.0,0.039,0.933,28.799999999999997,0.132,1.02,100.80000000000001,0.097,1.213,76.80000000000001,0.036,1.321,28.799999999999997,0.073,0.946,57.599999999999994,0.018,1.143,14.399999999999999,0.045,0.571,33.599999999999994
Alen Smailagic,0.0,0.0,0.0,0.0,0.0,0.0,0.0,0.0,0.0,0.0,0.0,0.0,0.179,1.4,10.4,0.214,1.25,11.700000000000001,0.0,0.0,0.0,0.0,0.0,0.0,0.0,0.0,0.0,0.0,0.0,0.0,0.0,0.0,0.0
Alex Caruso,0.029,0.7,11.600000000000001,0.185,1.238,63.800000000000004,0.246,0.619,81.19999999999999,0.032,0.818,11.600000000000001,0.0,0.0,0.0,0.284,1.031,98.6,0.062,0.714,23.200000000000003,0.067,1.304,23.200000000000003,0.0,0.0,0.0,0.0,0.0,0.0,0.07,0.708,23.200000000000003
Alex Len,0.0,0.0,0.0,0.059,1.35,20.0,0.0,0.0,0.0,0.288,1.041,100.0,0.065,0.682,24.0,0.147,0.92,52.0,0.0,0.0,0.0,0.203,1.275,68.0,0.0,0.0,0.0,0.147,1.12,52.0,0.076,0.308,28.0
Alfonzo McKinnie,0.0,0.0,0.0,0.16,0.912,36.0,0.066,0.571,16.0,0.0,0.0,0.0,0.0,0.0,0.0,0.382,0.728,80.0,0.0,0.0,0.0,0.094,1.55,20.0,0.0,0.0,0.0,0.099,1.19,20.0,0.075,0.563,16.0
Allen Crabbe,0.0,0.0,0.0,0.12,0.895,19.599999999999998,0.0,0.0,0.0,0.0,0.0,0.0,0.0,0.0,0.0,0.399,1.016,64.39999999999999,0.215,0.941,33.6,0.0,0.0,0.0,0.114,0.611,16.8,0.0,0.0,0.0,0.0,0.0,0.0
Allonzo Trier,0.081,0.917,12.0,0.242,1.25,36.0,0.289,1.186,43.2,0.0,0.0,0.0,0.0,0.0,0.0,0.201,1.033,31.200000000000003,0.0,0.0,0.0,0.0,0.0,0.0,0.074,0.636,12.0,0.0,0.0,0.0,0.0,0.0,0.0
Andre Drummond,0.063,0.787,58.8,0.101,1.02,98.0,0.0,0.0,0.0,0.167,0.957,161.7,0.157,0.914,151.9,0.064,0.613,63.7,0.0,0.0,0.0,0.158,1.111,151.9,0.0,0.0,0.0,0.192,1.054,186.2,0.091,0.25,88.2
Andre Iguodala,0.0,0.0,0.0,0.236,0.706,16.8,0.0,0.0,0.0,0.0,0.0,0.0,0.0,0.0,0.0,0.278,0.85,19.599999999999998,0.0,0.0,0.0,0.0,0.0,0.0,0.0,0.0,0.0,0.0,0.0,0.0,0.0,0.0,0.0
Andrew Wiggins,0.091,0.8,88.2,0.093,1.109,92.4,0.364,0.863,357.0,0.0,0.0,0.0,0.04,0.974,37.800000000000004,0.137,0.896,134.4,0.105,1.01,105.0,0.056,1.527,54.6,0.064,0.968,63.0,0.029,1.0,29.4,0.019,0.947,21.0
Anfernee Simons,0.117,1.027,71.5,0.142,0.978,91.0,0.313,0.878,195.0,0.0,0.0,0.0,0.0,0.0,0.0,0.235,0.891,149.5,0.061,0.737,39.0,0.029,1.5,19.5,0.045,1.036,26.0,0.0,0.0,0.0,0.046,0.448,26.0
Ante Zizic,0.0,0.0,0.0,0.0,0.0,0.0,0.0,0.0,0.0,0.258,0.783,22.0,0.213,0.842,19.8,0.0,0.0,0.0,0.0,0.0,0.0,0.247,1.5,22.0,0.0,0.0,0.0,0.135,1.417,11.0,0.0,0.0,0.0
Anthony Davis,0.081,0.972,106.39999999999999,0.113,1.349,151.20000000000002,0.029,0.921,39.199999999999996,0.128,1.268,168.0,0.225,0.916,296.8,0.132,1.064,173.6,0.018,0.667,22.400000000000002,0.078,1.51,100.8,0.046,0.733,61.60000000000001,0.073,1.177,95.2,0.077,1.0,100.8
Anthony Tolliver,0.0,0.0,0.0,0.136,0.95,19.8,0.0,0.0,0.0,0.19,1.214,26.400000000000002,0.0,0.0,0.0,0.442,0.723,66.0,0.0,0.0,0.0,0.068,1.5,9.9,0.0,0.0,0.0,0.068,0.7,9.9,0.082,0.417,13.200000000000001
Anzejs Pasecniks,0.0,0.0,0.0,0.071,1.182,12.0,0.0,0.0,0.0,0.224,0.914,36.0,0.0,0.0,0.0,0.0,0.0,0.0,0.0,0.0,0.0,0.25,1.103,38.400000000000006,0.0,0.0,0.0,0.179,0.929,28.799999999999997,0.167,0.615,26.400000000000002
Aron Baynes,0.0,0.0,0.0,0.051,1.208,25.2,0.0,0.0,0.0,0.263,1.138,121.8,0.09,1.167,42.0,0.206,1.042,96.6,0.0,0.0,0.0,0.122,1.246,58.8,0.024,0.727,12.6,0.116,0.889,54.6,0.113,0.434,54.6
Austin Rivers,0.201,0.99,102.0,0.177,1.18,90.0,0.149,0.907,78.0,0.0,0.0,0.0,0.0,0.0,0.0,0.339,1.018,168.0,0.036,1.056,18.0,0.0,0.0,0.0,0.0,0.0,0.0,0.0,0.0,0.0,0.046,0.696,24.0
Avery Bradley,0.0,0.0,0.0,0.215,1.168,93.1,0.152,0.806,68.6,0.023,1.7,9.8,0.0,0.0,0.0,0.29,0.797,127.4,0.113,1.02,49.0,0.066,1.207,29.4,0.073,0.875,34.3,0.0,0.0,0.0,0.045,0.6,19.6
Bam Adebayo,0.076,0.863,78.0,0.106,1.098,110.5,0.047,0.98,52.0,0.178,1.17,188.5,0.065,0.899,71.5,0.08,0.857,84.5,0.0,0.0,0.0,0.251,1.162,266.5,0.0,0.0,0.0,0.086,1.022,91.0,0.106,0.446,110.5
Ben McLemore,0.0,0.0,0.0,0.212,1.157,113.4,0.0,0.0,0.0,0.085,0.913,44.099999999999994,0.0,0.0,0.0,0.482,1.261,258.29999999999995,0.022,0.167,12.600000000000001,0.041,1.591,18.9,0.081,0.932,44.099999999999994,0.0,0.0,0.0,0.05,0.556,25.200000000000003
Ben Simmons,0.049,0.978,48.6,0.301,0.975,286.2,0.149,0.814,140.4,0.035,1.061,32.4,0.114,0.907,108.0,0.041,1.308,37.8,0.013,0.667,10.8,0.142,1.328,135.0,0.0,0.0,0.0,0.053,1.0,48.6,0.103,0.485,97.2
Bismack Biyombo,0.0,0.0,0.0,0.096,1.132,37.099999999999994,0.0,0.0,0.0,0.249,0.949,95.4,0.043,1.0,15.899999999999999,0.0,0.0,0.0,0.0,0.0,0.0,0.33,1.2,132.5,0.0,0.0,0.0,0.162,0.813,63.599999999999994,0.112,0.636,42.400000000000006
Blake Griffin,0.093,0.806,30.599999999999998,0.108,1.25,36.0,0.202,0.866,66.60000000000001,0.078,0.731,25.2,0.166,0.909,55.800000000000004,0.178,0.746,59.4,0.036,0.333,12.6,0.036,0.917,12.6,0.0,0.0,0.0,0.039,0.615,12.6,0.045,0.267,14.4
Boban Marjanovic,0.0,0.0,0.0,0.0,0.0,0.0,0.0,0.0,0.0,0.19,1.231,25.3,0.321,0.955,43.699999999999996,0.0,0.0,0.0,0.0,0.0,0.0,0.088,1.667,11.5,0.0,0.0,0.0,0.219,1.367,29.900000000000002,0.139,0.316,18.400000000000002
Bobby Portis,0.043,0.8,33.0,0.094,1.288,66.0,0.0,0.0,0.0,0.158,0.991,112.2,0.205,0.813,145.20000000000002,0.271,1.058,191.4,0.0,0.0,0.0,0.046,1.031,33.0,0.03,0.762,19.8,0.088,0.855,59.4,0.05,0.486,33.0
Bogdan Bogdanovic,0.064,1.0,47.7,0.136,1.173,106.0,0.246,0.894,190.8,0.0,0.0,0.0,0.014,0.545,10.600000000000001,0.258,1.056,196.10000000000002,0.099,0.947,74.19999999999999,0.034,1.423,26.5,0.095,0.904,74.19999999999999,0.0,0.0,0.0,0.039,0.5,31.799999999999997
Bojan Bogdanovic,0.095,0.922,113.4,0.162,1.163,195.3,0.138,0.814,170.10000000000002,0.023,1.357,25.200000000000003,0.045,1.091,56.7,0.217,1.114,264.6,0.086,0.904,107.1,0.022,1.593,25.200000000000003,0.166,0.975,201.60000000000002,0.017,1.35,18.9,0.029,0.914,37.8
Brad Wanamaker,0.034,0.533,12.600000000000001,0.226,1.232,100.80000000000001,0.31,0.787,138.60000000000002,0.0,0.0,0.0,0.0,0.0,0.0,0.262,1.017,113.4,0.036,0.563,18.9,0.027,1.333,12.600000000000001,0.025,1.091,12.600000000000001,0.0,0.0,0.0,0.066,0.379,31.5
Bradley Beal,0.092,0.897,153.9,0.172,1.155,290.7,0.322,0.972,541.5,0.0,0.0,0.0,0.011,0.889,17.099999999999998,0.098,1.06,165.29999999999998,0.098,1.018,165.29999999999998,0.038,1.328,62.7,0.116,0.918,193.79999999999998,0.017,1.0,28.5,0.031,0.808,51.300000000000004
Brandon Clarke,0.022,0.545,10.0,0.18,1.42,90.0,0.0,0.0,0.0,0.237,1.483,114.99999999999999,0.02,0.7,10.0,0.204,1.14,100.0,0.0,0.0,0.0,0.135,1.318,65.0,0.0,0.0,0.0,0.116,1.175,55.00000000000001,0.061,0.533,30.0
Brandon Goodwin,0.047,1.455,10.2,0.207,0.979,47.599999999999994,0.289,0.97,68.0,0.0,0.0,0.0,0.0,0.0,0.0,0.272,0.73,64.6,0.086,0.6,20.4,0.0,0.0,0.0,0.0,0.0,0.0,0.0,0.0,0.0,0.0,0.0,0.0
Brandon Ingram,0.132,0.988,173.6,0.19,1.157,246.40000000000003,0.226,0.878,296.8,0.011,2.0,16.8,0.033,0.721,44.800000000000004,0.206,1.134,268.8,0.057,1.08,72.8,0.026,1.5,33.6,0.068,0.876,89.60000000000001,0.018,1.217,22.400000000000002,0.034,0.591,44.800000000000004
Brandon Knight,0.0,0.0,0.0,0.133,0.667,15.299999999999999,0.442,0.78,50.4,0.0,0.0,0.0,0.0,0.0,0.0,0.186,1.381,20.7,0.094,0.5,9.6,0.0,0.0,0.0,0.0,0.0,0.0,0.0,0.0,0.0,0.0,0.0,0.0
Brook Lopez,0.019,0.923,12.200000000000001,0.138,0.853,97.60000000000001,0.0,0.0,0.0,0.164,1.142,115.89999999999999,0.158,1.083,109.8,0.286,0.919,195.20000000000002,0.039,0.556,24.400000000000002,0.078,1.352,54.9,0.017,1.583,12.200000000000001,0.029,1.3,18.3,0.068,0.234,48.800000000000004
Bruce Brown,0.043,0.769,23.200000000000003,0.172,1.077,104.4,0.295,0.697,179.8,0.0,0.0,0.0,0.0,0.0,0.0,0.232,0.886,139.2,0.027,0.625,17.4,0.103,0.968,63.800000000000004,0.0,0.0,0.0,0.065,1.103,40.599999999999994,0.055,0.424,34.8
Bruno Caboclo,0.0,0.0,0.0,0.0,0.0,0.0,0.0,0.0,0.0,0.274,0.9,19.8,0.0,0.0,0.0,0.26,0.842,19.8,0.0,0.0,0.0,0.0,0.0,0.0,0.0,0.0,0.0,0.0,0.0,0.0,0.0,0.0,0.0
Bruno Fernando,0.0,0.0,0.0,0.095,1.16,22.400000000000002,0.0,0.0,0.0,0.202,1.019,50.4,0.087,0.826,22.400000000000002,0.179,0.447,44.800000000000004,0.0,0.0,0.0,0.19,1.1,50.4,0.0,0.0,0.0,0.179,1.17,44.800000000000004,0.068,0.389,16.8
Bryn Forbes,0.0,0.0,0.0,0.183,1.146,126.0,0.138,0.849,94.5,0.0,0.0,0.0,0.0,0.0,0.0,0.373,1.143,252.0,0.141,1.126,94.5,0.0,0.0,0.0,0.097,1.108,63.0,0.0,0.0,0.0,0.04,0.333,25.200000000000003
Buddy Hield,0.063,0.85,83.2,0.187,1.025,236.8,0.267,0.917,339.2,0.01,0.417,12.8,0.0,0.0,0.0,0.171,1.233,217.6,0.06,0.853,76.8,0.032,0.925,38.4,0.143,1.111,179.2,0.023,1.034,32.0,0.043,0.611,51.2
CJ McCollum,0.133,0.843,186.0,0.146,1.123,204.6,0.373,0.937,520.8000000000001,0.0,0.0,0.0,0.0,0.0,0.0,0.135,1.181,186.0,0.049,0.941,68.2,0.018,1.04,24.8,0.084,1.128,117.8,0.021,0.793,31.0,0.037,0.788,49.6
CJ Miles,0.0,0.0,0.0,0.314,0.955,22.0,0.0,0.0,0.0,0.0,0.0,0.0,0.0,0.0,0.0,0.286,1.0,20.0,0.0,0.0,0.0,0.0,0.0,0.0,0.157,0.909,11.0,0.0,0.0,0.0,0.0,0.0,0.0
Caleb Martin,0.0,0.0,0.0,0.239,0.731,25.2,0.11,0.417,12.6,0.0,0.0,0.0,0.0,0.0,0.0,0.33,1.306,36.0,0.11,0.833,12.6,0.0,0.0,0.0,0.0,0.0,0.0,0.0,0.0,0.0,0.0,0.0,0.0
Caleb Swanigan,0.0,0.0,0.0,0.0,0.0,0.0,0.0,0.0,0.0,0.134,1.091,12.0,0.0,0.0,0.0,0.0,0.0,0.0,0.0,0.0,0.0,0.159,0.923,14.0,0.0,0.0,0.0,0.159,0.615,14.0,0.317,0.269,26.0
Cam Reddish,0.035,0.64,23.200000000000003,0.206,1.021,145.0,0.214,0.717,150.8,0.0,0.0,0.0,0.0,0.0,0.0,0.293,0.87,208.8,0.123,0.816,87.0,0.037,1.269,23.200000000000003,0.023,0.938,17.4,0.028,0.8,17.4,0.037,0.654,23.200000000000003
Cameron Johnson,0.0,0.0,0.0,0.214,1.313,78.4,0.04,0.733,14.7,0.0,0.0,0.0,0.0,0.0,0.0,0.439,1.152,161.7,0.051,0.421,19.6,0.072,0.741,29.4,0.083,0.903,29.4,0.051,1.263,19.6,0.035,0.462,14.7
Caris LeVert,0.16,0.685,124.80000000000001,0.139,1.148,109.19999999999999,0.404,0.818,312.0,0.0,0.0,0.0,0.0,0.0,0.0,0.135,0.848,105.30000000000001,0.036,1.321,27.299999999999997,0.046,1.278,35.1,0.014,0.545,11.7,0.032,0.92,23.4,0.027,0.762,19.5
Carmelo Anthony,0.131,0.843,110.00000000000001,0.085,1.186,70.0,0.056,0.63,45.0,0.096,0.81,80.0,0.288,0.899,240.0,0.206,1.141,170.0,0.0,0.0,0.0,0.022,0.889,20.0,0.0,0.0,0.0,0.055,1.022,45.0,0.047,0.359,40.0
Carsen Edwards,0.0,0.0,0.0,0.132,0.357,15.0,0.217,0.957,22.5,0.0,0.0,0.0,0.0,0.0,0.0,0.245,0.692,25.0,0.0,0.0,0.0,0.0,0.0,0.0,0.198,0.905,20.0,0.0,0.0,0.0,0.0,0.0,0.0
Chandler Hutchison,0.0,0.0,0.0,0.225,1.057,53.199999999999996,0.11,0.577,25.2,0.0,0.0,0.0,0.0,0.0,0.0,0.377,1.022,89.60000000000001,0.055,0.615,14.0,0.085,0.95,19.599999999999998,0.0,0.0,0.0,0.047,0.909,11.200000000000001,0.0,0.0,0.0
Chandler Parsons,0.0,0.0,0.0,0.0,0.0,0.0,0.0,0.0,0.0,0.0,0.0,0.0,0.0,0.0,0.0,0.476,0.9,10.0,0.0,0.0,0.0,0.0,0.0,0.0,0.0,0.0,0.0,0.0,0.0,0.0,0.0,0.0,0.0
Cheick Diallo,0.0,0.0,0.0,0.114,1.333,22.0,0.0,0.0,0.0,0.227,1.31,44.0,0.081,1.0,13.2,0.119,0.682,22.0,0.0,0.0,0.0,0.238,1.477,44.0,0.0,0.0,0.0,0.076,1.143,13.2,0.103,0.368,17.6
Chris Boucher,0.0,0.0,0.0,0.097,1.406,33.0,0.0,0.0,0.0,0.284,1.17,93.5,0.0,0.0,0.0,0.202,0.776,66.0,0.0,0.0,0.0,0.145,1.229,49.5,0.0,0.0,0.0,0.205,1.015,66.0,0.036,0.75,11.0
Chris Chiozza,0.0,0.0,0.0,0.256,1.0,11.0,0.226,0.583,12.100000000000001,0.0,0.0,0.0,0.0,0.0,0.0,0.321,1.294,16.5,0.0,0.0,0.0,0.0,0.0,0.0,0.0,0.0,0.0,0.0,0.0,0.0,0.0,0.0,0.0
Chris Paul,0.169,0.949,176.39999999999998,0.136,1.028,144.89999999999998,0.493,1.087,516.5999999999999,0.0,0.0,0.0,0.0,0.0,0.0,0.085,1.236,88.19999999999999,0.018,0.737,18.9,0.0,0.0,0.0,0.0,0.0,0.0,0.0,0.0,0.0,0.071,0.933,75.6
Chris Silva,0.0,0.0,0.0,0.0,0.0,0.0,0.0,0.0,0.0,0.152,1.667,11.4,0.0,0.0,0.0,0.0,0.0,0.0,0.0,0.0,0.0,0.177,1.429,13.299999999999999,0.0,0.0,0.0,0.291,1.261,22.8,0.253,0.0,20.900000000000002
Christian Wood,0.052,0.611,37.199999999999996,0.167,1.112,117.8,0.0,0.0,0.0,0.197,1.504,136.4,0.066,0.804,43.4,0.216,1.187,148.79999999999998,0.0,0.0,0.0,0.096,1.239,68.2,0.0,0.0,0.0,0.102,1.338,68.2,0.075,0.808,49.6
Clint Capela,0.0,0.0,0.0,0.164,1.321,81.9,0.0,0.0,0.0,0.17,1.095,85.80000000000001,0.032,1.125,15.600000000000001,0.0,0.0,0.0,0.0,0.0,0.0,0.381,1.207,187.2,0.0,0.0,0.0,0.184,0.967,89.69999999999999,0.059,0.31,27.299999999999997
Coby White,0.059,0.786,58.5,0.187,1.062,175.5,0.344,0.799,325.0,0.0,0.0,0.0,0.0,0.0,0.0,0.248,0.992,234.0,0.075,0.887,71.5,0.0,0.0,0.0,0.041,0.821,39.0,0.0,0.0,0.0,0.028,0.63,26.0
Cody Martin,0.0,0.0,0.0,0.217,1.295,62.400000000000006,0.132,0.946,38.400000000000006,0.0,0.0,0.0,0.0,0.0,0.0,0.324,0.473,91.19999999999999,0.075,0.524,19.200000000000003,0.075,1.143,19.200000000000003,0.036,1.3,9.600000000000001,0.046,1.308,14.399999999999999,0.039,0.455,9.600000000000001
Cody Zeller,0.021,0.923,11.600000000000001,0.101,1.203,63.800000000000004,0.0,0.0,0.0,0.244,1.013,156.60000000000002,0.054,0.971,34.8,0.156,0.919,98.6,0.0,0.0,0.0,0.167,1.264,104.4,0.0,0.0,0.0,0.164,1.058,104.4,0.077,0.306,46.400000000000006
Collin Sexton,0.091,1.0,123.5,0.168,1.128,227.5,0.37,0.902,500.5,0.0,0.0,0.0,0.0,0.0,0.0,0.134,1.104,182.0,0.075,0.765,104.0,0.046,1.111,65.0,0.037,1.0,52.0,0.028,1.368,39.0,0.045,0.836,58.5
Cory Joseph,0.063,0.69,32.0,0.127,1.086,57.6,0.385,0.807,179.2,0.0,0.0,0.0,0.0,0.0,0.0,0.252,0.991,115.2,0.033,0.733,12.8,0.028,1.231,12.8,0.0,0.0,0.0,0.024,1.273,12.8,0.068,0.548,32.0
Courtney Lee,0.104,1.7,9.600000000000001,0.177,0.824,16.799999999999997,0.104,1.4,9.600000000000001,0.0,0.0,0.0,0.0,0.0,0.0,0.417,1.175,40.8,0.0,0.0,0.0,0.0,0.0,0.0,0.0,0.0,0.0,0.0,0.0,0.0,0.0,0.0,0.0
Cristiano Felicio,0.0,0.0,0.0,0.0,0.0,0.0,0.0,0.0,0.0,0.226,0.947,19.8,0.0,0.0,0.0,0.0,0.0,0.0,0.0,0.0,0.0,0.202,1.412,17.6,0.0,0.0,0.0,0.345,1.241,28.6,0.167,0.286,13.2
D'Angelo Russell,0.095,1.026,75.89999999999999,0.127,1.049,102.3,0.425,0.889,339.90000000000003,0.0,0.0,0.0,0.0,0.0,0.0,0.071,1.228,56.1,0.082,1.03,66.0,0.021,1.059,16.5,0.117,1.106,92.39999999999999,0.0,0.0,0.0,0.041,0.333,33.0
D.J. Augustin,0.065,0.559,34.3,0.105,0.964,53.900000000000006,0.553,0.931,289.1,0.0,0.0,0.0,0.0,0.0,0.0,0.132,1.217,68.6,0.055,1.0,29.4,0.0,0.0,0.0,0.025,1.462,14.7,0.0,0.0,0.0,0.048,0.56,24.5
D.J. Wilson,0.0,0.0,0.0,0.0,0.0,0.0,0.0,0.0,0.0,0.122,1.1,10.5,0.0,0.0,0.0,0.402,0.939,33.6,0.0,0.0,0.0,0.0,0.0,0.0,0.0,0.0,0.0,0.0,0.0,0.0,0.0,0.0,0.0
Damian Jones,0.0,0.0,0.0,0.06,1.6,16.5,0.0,0.0,0.0,0.349,1.494,88.0,0.0,0.0,0.0,0.06,0.533,16.5,0.0,0.0,0.0,0.245,1.262,60.50000000000001,0.0,0.0,0.0,0.157,1.179,38.5,0.092,0.478,22.0
Damian Lillard,0.181,1.077,272.6,0.095,1.147,145.0,0.519,1.138,783.0,0.0,0.0,0.0,0.0,0.0,0.0,0.052,1.154,75.4,0.048,1.083,69.6,0.014,1.0,23.200000000000003,0.033,0.959,46.400000000000006,0.014,0.619,23.200000000000003,0.043,0.908,63.800000000000004
Damion Lee,0.0,0.0,0.0,0.168,0.962,102.9,0.098,0.934,58.8,0.0,0.0,0.0,0.0,0.0,0.0,0.277,1.15,171.5,0.122,0.908,78.4,0.051,1.0,34.3,0.187,0.897,117.6,0.018,1.364,9.8,0.067,0.81,44.1
Damyean Dotson,0.044,1.143,14.399999999999999,0.194,0.984,62.400000000000006,0.169,0.926,52.800000000000004,0.0,0.0,0.0,0.0,0.0,0.0,0.256,0.939,81.6,0.109,1.371,33.599999999999994,0.0,0.0,0.0,0.144,0.891,48.0,0.0,0.0,0.0,0.041,0.462,14.399999999999999
Daniel Gafford,0.0,0.0,0.0,0.089,0.941,17.2,0.0,0.0,0.0,0.257,1.327,47.300000000000004,0.0,0.0,0.0,0.0,0.0,0.0,0.0,0.0,0.0,0.293,1.25,55.9,0.0,0.0,0.0,0.23,1.273,43.0,0.089,0.235,17.2
Daniel Theis,0.0,0.0,0.0,0.069,1.485,34.8,0.0,0.0,0.0,0.276,1.182,133.39999999999998,0.0,0.0,0.0,0.138,0.909,63.800000000000004,0.0,0.0,0.0,0.245,1.291,116.0,0.0,0.0,0.0,0.159,1.158,75.4,0.09,0.605,40.599999999999994
Danilo Gallinari,0.092,0.976,82.5,0.088,1.244,82.5,0.11,0.931,104.5,0.074,1.406,71.5,0.145,1.015,132.0,0.31,1.129,286.0,0.041,1.105,38.5,0.023,1.619,22.0,0.054,1.32,49.5,0.025,1.217,22.0,0.039,0.833,38.5
Danny Green,0.0,0.0,0.0,0.251,1.153,122.0,0.028,0.786,12.200000000000001,0.0,0.0,0.0,0.0,0.0,0.0,0.396,1.092,195.20000000000002,0.036,0.722,18.3,0.059,1.103,30.5,0.101,0.78,48.800000000000004,0.034,1.059,18.3,0.069,0.5,36.6
Dante Exum,0.0,0.0,0.0,0.207,1.0,28.799999999999997,0.341,0.913,45.599999999999994,0.0,0.0,0.0,0.0,0.0,0.0,0.244,0.879,33.599999999999994,0.0,0.0,0.0,0.0,0.0,0.0,0.0,0.0,0.0,0.0,0.0,0.0,0.0,0.0,0.0
Danuel House Jr.,0.0,0.0,0.0,0.259,1.32,145.0,0.026,0.6,17.4,0.072,0.878,40.599999999999994,0.0,0.0,0.0,0.437,0.972,249.39999999999998,0.025,1.214,11.600000000000001,0.065,1.135,34.8,0.021,1.167,11.600000000000001,0.041,1.043,23.200000000000003,0.037,0.381,23.200000000000003
Dario Saric,0.026,0.667,17.4,0.115,1.164,69.6,0.022,1.308,11.600000000000001,0.101,1.085,58.0,0.092,0.963,52.2,0.334,0.887,197.2,0.019,1.273,11.600000000000001,0.128,1.173,75.4,0.039,1.0,23.200000000000003,0.067,1.205,40.599999999999994,0.057,0.667,34.8
Darius Bazley,0.034,0.8,10.600000000000001,0.205,1.117,58.300000000000004,0.0,0.0,0.0,0.055,0.875,15.899999999999999,0.0,0.0,0.0,0.515,0.735,148.39999999999998,0.055,0.438,15.899999999999999,0.0,0.0,0.0,0.0,0.0,0.0,0.041,1.167,10.600000000000001,0.0,0.0,0.0
Darius Garland,0.065,0.754,59.0,0.117,0.922,100.3,0.416,0.759,365.8,0.0,0.0,0.0,0.0,0.0,0.0,0.188,0.945,165.2,0.097,0.976,82.6,0.011,0.9,11.8,0.047,0.902,41.3,0.0,0.0,0.0,0.048,0.524,41.3
David Nwaba,0.0,0.0,0.0,0.323,1.2,30.0,0.0,0.0,0.0,0.0,0.0,0.0,0.0,0.0,0.0,0.355,1.212,32.0,0.0,0.0,0.0,0.0,0.0,0.0,0.0,0.0,0.0,0.0,0.0,0.0,0.0,0.0,0.0
Davis Bertans,0.0,0.0,0.0,0.231,1.364,165.0,0.031,0.591,22.0,0.055,1.051,38.5,0.0,0.0,0.0,0.314,1.214,225.49999999999997,0.067,0.896,49.5,0.048,1.324,33.0,0.161,1.096,115.5,0.027,1.526,16.5,0.053,0.816,38.5
De'Aaron Fox,0.108,0.981,103.49999999999999,0.211,1.181,202.5,0.397,0.888,387.0,0.0,0.0,0.0,0.0,0.0,0.0,0.134,0.931,130.5,0.034,0.879,31.499999999999996,0.012,1.0,13.5,0.011,0.545,9.0,0.012,1.333,13.5,0.074,0.542,72.0
De'Andre Hunter,0.04,1.0,31.5,0.14,1.109,119.69999999999999,0.19,0.691,163.8,0.032,0.889,25.200000000000003,0.022,1.263,18.9,0.342,1.01,289.79999999999995,0.074,0.81,63.0,0.026,1.364,18.9,0.047,0.45,37.8,0.032,1.111,25.200000000000003,0.056,0.521,50.400000000000006
De'Anthony Melton,0.031,0.8,15.6,0.291,1.058,140.4,0.233,0.613,109.2,0.0,0.0,0.0,0.0,0.0,0.0,0.187,1.034,88.39999999999999,0.057,0.37,26.0,0.059,1.25,26.0,0.025,0.833,10.4,0.046,1.227,20.8,0.061,0.31,31.2
DeAndre Jordan,0.0,0.0,0.0,0.06,1.24,22.400000000000002,0.0,0.0,0.0,0.223,1.333,95.2,0.026,1.0,11.200000000000001,0.0,0.0,0.0,0.0,0.0,0.0,0.276,1.435,117.60000000000001,0.0,0.0,0.0,0.218,1.055,89.60000000000001,0.165,0.435,67.2
DeAndre' Bembry,0.0,0.0,0.0,0.215,0.985,68.8,0.163,0.49,51.6,0.0,0.0,0.0,0.0,0.0,0.0,0.298,0.871,94.60000000000001,0.074,0.652,21.5,0.099,1.194,30.099999999999998,0.0,0.0,0.0,0.061,0.947,17.2,0.071,0.227,21.5
DeMar DeRozan,0.133,1.107,170.79999999999998,0.134,1.241,170.79999999999998,0.346,1.039,439.2,0.0,0.0,0.0,0.1,1.016,128.1,0.111,0.887,140.29999999999998,0.04,1.059,48.800000000000004,0.027,1.353,36.6,0.059,0.987,73.2,0.01,1.615,12.200000000000001,0.035,0.75,42.699999999999996
DeMarre Carroll,0.0,0.0,0.0,0.313,0.667,15.6,0.0,0.0,0.0,0.0,0.0,0.0,0.0,0.0,0.0,0.396,0.789,19.5,0.0,0.0,0.0,0.0,0.0,0.0,0.0,0.0,0.0,0.0,0.0,0.0,0.0,0.0,0.0
Deandre Ayton,0.0,0.0,0.0,0.079,1.378,45.0,0.0,0.0,0.0,0.194,1.162,111.0,0.227,0.808,129.0,0.044,0.72,24.0,0.0,0.0,0.0,0.187,1.252,108.0,0.0,0.0,0.0,0.157,1.078,90.0,0.077,0.341,45.0
Dejounte Murray,0.098,0.776,69.6,0.215,1.15,145.0,0.297,0.764,203.0,0.0,0.0,0.0,0.0,0.0,0.0,0.225,0.968,156.60000000000002,0.02,0.786,11.600000000000001,0.026,1.111,17.4,0.0,0.0,0.0,0.05,0.971,34.8,0.057,0.538,40.599999999999994
Delon Wright,0.063,0.968,32.5,0.217,1.131,104.0,0.303,0.926,149.5,0.0,0.0,0.0,0.0,0.0,0.0,0.205,0.99,104.0,0.053,0.5,26.0,0.039,1.368,19.5,0.0,0.0,0.0,0.059,1.069,26.0,0.047,0.522,26.0
Dennis Schroder,0.096,1.017,113.4,0.144,1.052,170.10000000000002,0.384,0.839,459.9,0.0,0.0,0.0,0.0,0.0,0.0,0.205,1.122,245.7,0.069,1.024,81.9,0.02,1.542,25.200000000000003,0.034,1.22,44.099999999999994,0.0,0.0,0.0,0.04,0.854,50.400000000000006
Dennis Smith Jr.,0.116,0.824,34.0,0.168,0.612,47.599999999999994,0.401,0.444,115.6,0.0,0.0,0.0,0.0,0.0,0.0,0.113,0.818,34.0,0.062,0.889,17.0,0.0,0.0,0.0,0.0,0.0,0.0,0.0,0.0,0.0,0.058,0.294,17.0
Denzel Valentine,0.038,0.5,10.799999999999999,0.139,0.541,36.0,0.32,0.953,86.39999999999999,0.0,0.0,0.0,0.0,0.0,0.0,0.278,1.311,75.60000000000001,0.12,0.563,32.4,0.0,0.0,0.0,0.053,0.857,14.4,0.0,0.0,0.0,0.0,0.0,0.0
Derrick Favors,0.0,0.0,0.0,0.071,1.407,27.0,0.0,0.0,0.0,0.272,1.165,103.49999999999999,0.042,0.938,18.0,0.034,0.538,13.5,0.0,0.0,0.0,0.28,1.245,108.0,0.0,0.0,0.0,0.222,1.143,85.5,0.069,0.192,27.0
Derrick Jones Jr.,0.0,0.0,0.0,0.217,1.506,86.7,0.025,0.4,10.200000000000001,0.07,1.607,25.5,0.0,0.0,0.0,0.327,0.809,132.6,0.0,0.0,0.0,0.187,1.427,76.5,0.0,0.0,0.0,0.08,1.031,30.599999999999998,0.062,0.56,25.5
Derrick Rose,0.084,1.077,80.0,0.158,1.041,150.0,0.552,0.936,515.0,0.0,0.0,0.0,0.0,0.0,0.0,0.086,1.038,80.0,0.034,0.875,30.0,0.014,1.077,15.0,0.025,1.087,25.0,0.012,1.091,10.0,0.034,0.594,30.0
Derrick Walton Jr.,0.0,0.0,0.0,0.0,0.0,0.0,0.0,0.0,0.0,0.0,0.0,0.0,0.0,0.0,0.0,0.548,1.435,23.1,0.0,0.0,0.0,0.0,0.0,0.0,0.0,0.0,0.0,0.0,0.0,0.0,0.0,0.0,0.0
Derrick White,0.029,0.889,18.3,0.175,1.074,109.8,0.325,1.02,201.29999999999998,0.0,0.0,0.0,0.0,0.0,0.0,0.28,1.029,170.79999999999998,0.039,1.292,24.400000000000002,0.019,1.333,12.200000000000001,0.032,0.95,18.3,0.024,1.0,12.200000000000001,0.058,0.583,36.6
Devin Booker,0.109,0.941,170.10000000000002,0.192,1.189,296.1,0.264,0.902,409.5,0.008,0.615,12.600000000000001,0.054,0.928,81.9,0.081,0.984,126.0,0.085,0.985,132.3,0.046,1.639,69.30000000000001,0.096,1.06,151.2,0.008,1.0,12.600000000000001,0.057,0.886,88.19999999999999
Devonte' Graham,0.079,0.694,100.80000000000001,0.142,1.051,176.39999999999998,0.45,0.898,560.7,0.0,0.0,0.0,0.0,0.0,0.0,0.137,1.182,170.10000000000002,0.067,0.771,81.9,0.012,1.133,12.600000000000001,0.06,0.867,75.6,0.01,0.667,12.600000000000001,0.036,0.622,44.099999999999994
Dewayne Dedmon,0.0,0.0,0.0,0.113,1.545,11.0,0.0,0.0,0.0,0.296,0.868,68.0,0.043,1.0,10.2,0.247,0.708,24.0,0.0,0.0,0.0,0.13,1.3,30.6,0.0,0.0,0.0,0.13,1.0,30.6,0.143,0.152,34.0
Dillon Brooks,0.045,0.653,52.0,0.186,1.034,208.0,0.226,0.863,247.0,0.0,0.0,0.0,0.017,0.632,19.5,0.212,1.004,234.0,0.134,0.891,149.5,0.021,1.043,26.0,0.089,0.929,97.5,0.029,1.063,32.5,0.034,0.405,39.0
Domantas Sabonis,0.01,0.5,12.4,0.063,1.055,74.39999999999999,0.0,0.0,0.0,0.303,1.109,347.2,0.171,0.914,198.4,0.106,0.836,124.0,0.0,0.0,0.0,0.154,1.192,179.79999999999998,0.0,0.0,0.0,0.11,1.087,124.0,0.08,0.457,93.0
Donovan Mitchell,0.075,0.913,113.4,0.129,0.894,195.3,0.483,0.944,737.0999999999999,0.0,0.0,0.0,0.0,0.0,0.0,0.143,1.132,220.5,0.062,1.2,94.5,0.01,1.625,18.9,0.037,1.07,56.7,0.018,1.185,25.200000000000003,0.035,0.811,50.400000000000006
Donte DiVincenzo,0.038,0.905,23.6,0.252,1.099,141.6,0.188,0.848,106.2,0.0,0.0,0.0,0.0,0.0,0.0,0.206,0.991,112.1,0.079,1.205,41.3,0.075,1.357,41.3,0.034,1.0,17.7,0.047,0.885,23.6,0.068,0.395,35.4
Dorian Finney-Smith,0.0,0.0,0.0,0.183,1.243,102.4,0.039,0.818,19.2,0.075,0.857,44.8,0.0,0.0,0.0,0.426,1.013,243.2,0.0,0.0,0.0,0.078,1.5,44.8,0.03,1.0,19.2,0.11,1.048,64.0,0.03,0.824,19.2
Doug McDermott,0.0,0.0,0.0,0.121,1.439,68.2,0.0,0.0,0.0,0.0,0.0,0.0,0.0,0.0,0.0,0.213,1.233,117.8,0.231,0.937,124.0,0.088,1.438,49.6,0.264,1.215,142.6,0.029,1.313,18.599999999999998,0.035,0.211,18.599999999999998
Dragan Bender,0.0,0.0,0.0,0.0,0.0,0.0,0.0,0.0,0.0,0.194,1.444,18.0,0.0,0.0,0.0,0.344,0.875,32.4,0.0,0.0,0.0,0.0,0.0,0.0,0.0,0.0,0.0,0.118,0.545,10.799999999999999,0.108,0.1,9.9
Draymond Green,0.031,0.714,12.9,0.149,0.881,68.8,0.084,0.605,38.7,0.084,0.763,38.7,0.089,0.65,38.7,0.311,0.793,141.9,0.022,0.6,8.6,0.073,1.0,34.4,0.0,0.0,0.0,0.0,0.0,0.0,0.118,0.509,51.6
Duncan Robinson,0.0,0.0,0.0,0.109,1.453,78.0,0.023,1.625,13.0,0.02,1.143,13.0,0.0,0.0,0.0,0.333,1.222,227.5,0.225,1.348,156.0,0.042,1.655,26.0,0.188,1.085,130.0,0.0,0.0,0.0,0.055,0.579,39.0
Dwayne Bacon,0.073,0.727,23.4,0.218,0.864,66.3,0.165,0.52,50.7,0.0,0.0,0.0,0.033,0.9,11.7,0.267,0.778,81.9,0.096,0.828,27.299999999999997,0.0,0.0,0.0,0.069,0.619,19.5,0.033,1.0,11.7,0.033,0.2,11.7
Dwight Howard,0.0,0.0,0.0,0.061,1.36,24.8,0.0,0.0,0.0,0.093,1.289,37.199999999999996,0.093,1.105,37.199999999999996,0.0,0.0,0.0,0.0,0.0,0.0,0.284,1.388,117.8,0.0,0.0,0.0,0.277,1.301,111.60000000000001,0.167,0.265,68.2
Dwight Powell,0.0,0.0,0.0,0.063,1.45,20.0,0.0,0.0,0.0,0.27,1.353,84.0,0.0,0.0,0.0,0.2,0.857,64.0,0.0,0.0,0.0,0.26,1.366,80.0,0.0,0.0,0.0,0.089,1.25,28.0,0.089,0.679,28.0
Dzanan Musa,0.053,1.0,10.5,0.179,0.882,35.0,0.179,0.588,35.0,0.0,0.0,0.0,0.0,0.0,0.0,0.332,0.73,63.0,0.0,0.0,0.0,0.0,0.0,0.0,0.068,0.615,14.0,0.068,0.615,14.0,0.068,0.769,14.0
E'Twaun Moore,0.05,0.87,25.5,0.17,0.924,76.5,0.14,0.738,66.3,0.0,0.0,0.0,0.0,0.0,0.0,0.289,1.201,132.6,0.069,0.469,30.599999999999998,0.0,0.0,0.0,0.168,0.795,76.5,0.032,1.067,15.299999999999999,0.037,0.529,15.299999999999999
Ed Davis,0.0,0.0,0.0,0.0,0.0,0.0,0.0,0.0,0.0,0.192,0.6,10.0,0.0,0.0,0.0,0.0,0.0,0.0,0.0,0.0,0.0,0.308,0.313,15.0,0.0,0.0,0.0,0.231,1.333,12.5,0.212,0.182,10.0
Edmond Sumner,0.0,0.0,0.0,0.279,1.211,37.5,0.221,0.633,30.0,0.0,0.0,0.0,0.0,0.0,0.0,0.279,0.921,37.5,0.0,0.0,0.0,0.0,0.0,0.0,0.0,0.0,0.0,0.0,0.0,0.0,0.0,0.0,0.0
Elfrid Payton,0.038,0.773,22.5,0.152,0.839,85.5,0.484,0.726,279.0,0.0,0.0,0.0,0.0,0.0,0.0,0.129,0.649,72.0,0.058,1.121,31.499999999999996,0.035,1.5,18.0,0.0,0.0,0.0,0.042,1.208,22.5,0.056,0.406,31.499999999999996
Elie Okobo,0.06,0.4,16.2,0.177,1.205,43.2,0.274,0.544,70.2,0.0,0.0,0.0,0.0,0.0,0.0,0.306,1.053,75.6,0.052,1.308,10.8,0.0,0.0,0.0,0.0,0.0,0.0,0.0,0.0,0.0,0.093,0.478,21.6
Emmanuel Mudiay,0.054,0.762,19.200000000000003,0.191,0.905,72.0,0.354,0.942,139.2,0.0,0.0,0.0,0.028,0.909,9.600000000000001,0.23,1.011,91.19999999999999,0.047,0.667,19.200000000000003,0.0,0.0,0.0,0.0,0.0,0.0,0.0,0.0,0.0,0.044,0.294,19.200000000000003
Enes Kanter,0.0,0.0,0.0,0.049,1.4,20.400000000000002,0.0,0.0,0.0,0.108,1.136,45.9,0.227,1.0,91.8,0.032,0.308,15.299999999999999,0.0,0.0,0.0,0.187,1.329,76.5,0.0,0.0,0.0,0.313,1.031,127.5,0.074,0.333,30.599999999999998
Eric Bledsoe,0.093,1.098,84.0,0.301,1.049,268.8,0.287,0.98,252.0,0.0,0.0,0.0,0.0,0.0,0.0,0.126,0.982,112.0,0.041,0.861,33.6,0.033,1.207,28.0,0.027,0.708,22.400000000000002,0.018,1.063,16.8,0.065,0.596,56.0
Eric Gordon,0.091,1.064,47.599999999999994,0.192,0.929,98.6,0.13,1.06,68.0,0.027,1.0,13.600000000000001,0.0,0.0,0.0,0.313,0.863,159.8,0.085,0.864,44.2,0.027,0.857,13.600000000000001,0.074,1.211,37.400000000000006,0.0,0.0,0.0,0.049,0.92,23.799999999999997
Eric Paschall,0.137,0.982,114.0,0.146,1.083,120.0,0.044,1.139,36.0,0.046,1.184,36.0,0.093,1.065,78.0,0.254,0.933,210.0,0.042,0.543,36.0,0.099,1.402,84.0,0.044,0.917,36.0,0.056,1.13,48.0,0.039,0.438,30.0
Ersan Ilyasova,0.0,0.0,0.0,0.152,1.352,56.0,0.0,0.0,0.0,0.171,1.131,61.60000000000001,0.034,0.5,11.200000000000001,0.25,0.955,89.60000000000001,0.031,1.091,11.200000000000001,0.135,1.417,50.4,0.031,0.909,11.200000000000001,0.112,0.925,39.199999999999996,0.07,0.64,22.400000000000002
Evan Fournier,0.04,0.791,42.699999999999996,0.131,1.199,140.29999999999998,0.324,0.948,347.7,0.0,0.0,0.0,0.0,0.0,0.0,0.171,1.174,183.0,0.115,1.016,122.0,0.033,1.667,36.6,0.135,1.103,146.4,0.0,0.0,0.0,0.036,0.667,36.6
Evan Turner,0.0,0.0,0.0,0.143,0.786,13.299999999999999,0.255,0.4,24.7,0.0,0.0,0.0,0.0,0.0,0.0,0.245,0.583,24.7,0.0,0.0,0.0,0.0,0.0,0.0,0.0,0.0,0.0,0.0,0.0,0.0,0.0,0.0,0.0
Frank Jackson,0.04,1.077,15.299999999999999,0.152,0.96,51.0,0.241,0.658,76.5,0.0,0.0,0.0,0.0,0.0,0.0,0.32,0.924,107.10000000000001,0.061,0.85,20.400000000000002,0.0,0.0,0.0,0.079,0.846,25.5,0.03,0.5,10.200000000000001,0.046,0.867,15.299999999999999
Frank Kaminsky,0.0,0.0,0.0,0.057,0.85,19.2,0.0,0.0,0.0,0.236,1.0,83.2,0.091,0.938,32.0,0.293,1.078,102.4,0.0,0.0,0.0,0.177,1.065,60.8,0.031,1.273,9.6,0.034,1.417,12.8,0.054,0.368,19.2
Frank Ntilikina,0.04,0.824,17.099999999999998,0.145,0.839,62.7,0.386,0.758,165.29999999999998,0.0,0.0,0.0,0.0,0.0,0.0,0.245,0.933,102.60000000000001,0.07,0.6,28.5,0.0,0.0,0.0,0.0,0.0,0.0,0.0,0.0,0.0,0.068,0.621,28.5
Fred VanVleet,0.077,0.779,67.19999999999999,0.243,1.102,216.0,0.325,0.833,288.0,0.0,0.0,0.0,0.0,0.0,0.0,0.166,1.041,148.8,0.044,0.487,38.400000000000006,0.014,1.583,14.399999999999999,0.065,1.281,57.599999999999994,0.0,0.0,0.0,0.057,0.84,48.0
Furkan Korkmaz,0.0,0.0,0.0,0.152,1.256,89.6,0.111,0.742,64.0,0.051,0.967,32.0,0.0,0.0,0.0,0.359,1.211,211.2,0.132,0.705,76.8,0.042,1.44,25.6,0.088,1.077,51.2,0.019,1.091,12.8,0.034,0.45,19.2
Garrett Temple,0.044,0.593,27.5,0.163,1.263,99.0,0.151,0.598,93.5,0.021,1.308,11.0,0.0,0.0,0.0,0.36,0.982,220.0,0.043,1.231,27.5,0.034,0.667,22.0,0.105,0.766,66.0,0.02,0.917,11.0,0.059,0.722,38.5
Garrison Mathews,0.0,0.0,0.0,0.158,1.917,12.6,0.0,0.0,0.0,0.0,0.0,0.0,0.0,0.0,0.0,0.447,1.118,34.199999999999996,0.158,1.333,12.6,0.0,0.0,0.0,0.0,0.0,0.0,0.0,0.0,0.0,0.0,0.0,0.0
Gary Clark,0.0,0.0,0.0,0.0,0.0,0.0,0.0,0.0,0.0,0.0,0.0,0.0,0.0,0.0,0.0,0.554,0.917,36.0,0.0,0.0,0.0,0.0,0.0,0.0,0.0,0.0,0.0,0.0,0.0,0.0,0.0,0.0,0.0
Gary Harris,0.021,0.769,11.200000000000001,0.194,1.15,117.60000000000001,0.123,0.737,78.39999999999999,0.0,0.0,0.0,0.0,0.0,0.0,0.253,1.0,156.79999999999998,0.239,0.872,145.6,0.066,1.098,39.199999999999996,0.04,0.88,22.400000000000002,0.0,0.0,0.0,0.045,0.536,28.0
Gary Payton II,0.0,0.0,0.0,0.281,1.154,37.7,0.072,0.6,8.7,0.0,0.0,0.0,0.0,0.0,0.0,0.338,0.745,46.400000000000006,0.0,0.0,0.0,0.108,1.0,14.5,0.0,0.0,0.0,0.108,0.533,14.5,0.0,0.0,0.0
Gary Trent Jr.,0.068,0.769,26.5,0.223,0.872,84.80000000000001,0.156,0.9,58.300000000000004,0.0,0.0,0.0,0.0,0.0,0.0,0.361,1.216,137.8,0.068,1.808,26.5,0.0,0.0,0.0,0.047,0.611,15.899999999999999,0.0,0.0,0.0,0.0,0.0,0.0
George Hill,0.062,1.038,26.0,0.172,1.181,72.8,0.305,1.016,130.0,0.0,0.0,0.0,0.0,0.0,0.0,0.181,1.408,78.0,0.074,1.29,31.2,0.064,1.667,26.0,0.024,0.8,10.4,0.05,0.952,20.8,0.062,1.077,26.0
Georges Niang,0.0,0.0,0.0,0.199,1.167,58.0,0.056,0.706,17.4,0.047,0.929,11.600000000000001,0.0,0.0,0.0,0.508,1.248,150.8,0.056,0.471,17.4,0.0,0.0,0.0,0.04,1.5,11.600000000000001,0.0,0.0,0.0,0.033,0.0,11.600000000000001
Giannis Antetokounmpo,0.145,0.865,228.0,0.268,1.12,421.8,0.066,1.087,102.60000000000001,0.067,1.189,108.3,0.116,0.945,182.4,0.104,1.018,165.29999999999998,0.016,1.4,22.8,0.069,1.266,108.3,0.036,0.895,57.0,0.064,1.347,102.60000000000001,0.051,0.926,79.8
Glenn Robinson III,0.036,0.667,19.200000000000003,0.231,1.252,134.39999999999998,0.079,0.891,48.0,0.0,0.0,0.0,0.0,0.0,0.0,0.244,1.0,144.0,0.108,0.873,62.400000000000006,0.092,1.185,52.800000000000004,0.128,1.067,76.80000000000001,0.039,1.435,24.0,0.032,0.421,19.200000000000003
Goga Bitadze,0.0,0.0,0.0,0.0,0.0,0.0,0.0,0.0,0.0,0.368,0.771,35.1,0.0,0.0,0.0,0.168,0.688,16.2,0.0,0.0,0.0,0.147,1.429,13.5,0.0,0.0,0.0,0.137,1.077,13.5,0.0,0.0,0.0
Goran Dragic,0.049,1.159,43.2,0.152,0.956,135.0,0.394,0.935,351.0,0.0,0.0,0.0,0.0,0.0,0.0,0.157,1.064,140.4,0.127,0.973,113.4,0.037,1.333,32.4,0.018,0.875,16.2,0.0,0.0,0.0,0.055,0.531,48.6
Gordon Hayward,0.06,1.159,45.0,0.153,1.286,112.5,0.262,0.839,193.5,0.022,0.563,18.0,0.018,1.154,13.5,0.196,1.229,144.0,0.082,1.033,58.5,0.057,1.381,40.5,0.089,0.908,62.99999999999999,0.033,1.0,22.5,0.03,0.682,22.5
Gorgui Dieng,0.0,0.0,0.0,0.103,1.083,36.800000000000004,0.0,0.0,0.0,0.257,1.256,92.0,0.049,0.529,18.400000000000002,0.28,0.918,96.60000000000001,0.0,0.0,0.0,0.083,1.069,27.599999999999998,0.0,0.0,0.0,0.109,0.868,36.800000000000004,0.083,0.552,27.599999999999998
Grant Williams,0.0,0.0,0.0,0.076,1.0,18.599999999999998,0.0,0.0,0.0,0.095,1.08,24.8,0.069,1.278,18.599999999999998,0.305,0.762,80.60000000000001,0.0,0.0,0.0,0.111,1.069,31.0,0.0,0.0,0.0,0.122,1.125,31.0,0.172,0.267,43.4
Grayson Allen,0.0,0.0,0.0,0.269,1.053,57.0,0.16,0.735,33.0,0.0,0.0,0.0,0.0,0.0,0.0,0.325,1.246,69.0,0.118,1.12,24.0,0.0,0.0,0.0,0.066,0.857,15.0,0.0,0.0,0.0,0.0,0.0,0.0
Hamidou Diallo,0.0,0.0,0.0,0.259,0.944,72.2,0.051,0.571,15.200000000000001,0.051,0.929,15.200000000000001,0.0,0.0,0.0,0.292,0.725,79.8,0.0,0.0,0.0,0.124,1.088,34.2,0.0,0.0,0.0,0.084,1.087,22.8,0.073,0.5,19.0
Harrison Barnes,0.082,0.784,76.8,0.136,1.148,121.6,0.094,1.012,83.2,0.063,0.895,57.6,0.16,0.972,147.2,0.29,1.111,262.4,0.013,0.917,12.8,0.059,1.34,51.2,0.037,0.727,32.0,0.032,1.414,32.0,0.033,0.867,32.0
Harry Giles III,0.068,0.889,19.0,0.076,1.15,19.0,0.0,0.0,0.0,0.186,1.0,49.4,0.08,0.667,22.8,0.117,0.839,30.400000000000002,0.0,0.0,0.0,0.258,1.324,68.4,0.0,0.0,0.0,0.091,1.083,22.8,0.11,0.414,30.400000000000002
Hassan Whiteside,0.017,0.533,12.200000000000001,0.024,1.571,18.3,0.0,0.0,0.0,0.277,1.163,244.0,0.114,0.931,103.7,0.029,1.0,24.400000000000002,0.0,0.0,0.0,0.208,1.337,183.0,0.0,0.0,0.0,0.231,1.289,201.29999999999998,0.095,0.405,85.39999999999999
Ian Mahinmi,0.0,0.0,0.0,0.072,1.091,22.8,0.0,0.0,0.0,0.184,1.071,57.0,0.039,0.917,11.4,0.092,0.679,26.599999999999998,0.0,0.0,0.0,0.289,0.92,87.39999999999999,0.0,0.0,0.0,0.174,1.208,53.199999999999996,0.128,0.41,38.0
Iman Shumpert,0.0,0.0,0.0,0.154,1.5,11.700000000000001,0.192,0.267,15.6,0.0,0.0,0.0,0.0,0.0,0.0,0.372,0.345,28.6,0.0,0.0,0.0,0.0,0.0,0.0,0.0,0.0,0.0,0.0,0.0,0.0,0.0,0.0,0.0
Isaac Bonga,0.056,1.143,11.600000000000001,0.282,1.127,69.6,0.052,0.308,11.600000000000001,0.0,0.0,0.0,0.0,0.0,0.0,0.31,1.026,75.4,0.0,0.0,0.0,0.099,1.44,23.200000000000003,0.0,0.0,0.0,0.103,1.077,23.200000000000003,0.056,0.571,11.600000000000001
Isaiah Hartenstein,0.0,0.0,0.0,0.0,0.0,0.0,0.0,0.0,0.0,0.234,1.455,23.0,0.0,0.0,0.0,0.0,0.0,0.0,0.0,0.0,0.0,0.319,1.3,29.900000000000002,0.0,0.0,0.0,0.181,1.059,16.099999999999998,0.138,0.462,13.799999999999999
Isaiah Thomas,0.026,0.786,16.0,0.162,0.713,88.0,0.37,0.809,200.0,0.0,0.0,0.0,0.0,0.0,0.0,0.262,1.277,140.0,0.065,0.829,36.0,0.0,0.0,0.0,0.054,0.793,28.0,0.0,0.0,0.0,0.041,0.5,24.0
Ish Smith,0.1,1.0,66.0,0.235,0.957,162.0,0.321,0.828,222.0,0.0,0.0,0.0,0.0,0.0,0.0,0.233,0.975,162.0,0.023,1.0,18.0,0.0,0.0,0.0,0.0,0.0,0.0,0.0,0.0,0.0,0.064,0.727,42.0
Ivica Zubac,0.0,0.0,0.0,0.102,1.574,44.8,0.0,0.0,0.0,0.224,1.126,102.4,0.063,0.897,32.0,0.024,1.091,12.8,0.0,0.0,0.0,0.229,1.276,102.4,0.0,0.0,0.0,0.277,1.024,128.0,0.078,0.417,38.4
J.J. Barea,0.126,0.679,28.6,0.086,0.526,18.2,0.486,0.935,109.2,0.0,0.0,0.0,0.0,0.0,0.0,0.144,1.063,31.2,0.095,0.81,20.8,0.0,0.0,0.0,0.0,0.0,0.0,0.0,0.0,0.0,0.0,0.0,0.0
JJ Redick,0.02,1.214,16.2,0.18,1.309,124.19999999999999,0.127,1.08,86.4,0.019,1.692,10.8,0.0,0.0,0.0,0.165,1.089,113.4,0.141,1.115,97.2,0.025,1.0,16.2,0.261,1.107,178.2,0.0,0.0,0.0,0.057,1.128,37.8
Ja Morant,0.085,0.819,94.4,0.163,1.149,182.9,0.499,0.872,554.6,0.0,0.0,0.0,0.0,0.0,0.0,0.071,1.165,76.7,0.049,0.907,53.1,0.032,1.229,35.4,0.029,0.844,29.5,0.022,1.375,23.6,0.052,0.534,59.0
JaKarr Sampson,0.0,0.0,0.0,0.227,1.182,20.8,0.0,0.0,0.0,0.0,0.0,0.0,0.0,0.0,0.0,0.227,0.636,20.8,0.0,0.0,0.0,0.309,1.633,31.2,0.0,0.0,0.0,0.103,0.8,10.4,0.0,0.0,0.0
JaMychal Green,0.0,0.0,0.0,0.108,1.0,38.5,0.0,0.0,0.0,0.146,0.926,55.0,0.049,0.833,16.5,0.399,1.02,148.5,0.0,0.0,0.0,0.067,1.04,27.5,0.0,0.0,0.0,0.132,1.0,49.5,0.07,0.308,27.5
JaVale McGee,0.03,0.545,12.200000000000001,0.102,1.324,36.6,0.0,0.0,0.0,0.127,1.326,48.800000000000004,0.072,0.615,24.400000000000002,0.042,0.933,12.200000000000001,0.0,0.0,0.0,0.33,1.462,122.0,0.0,0.0,0.0,0.194,1.029,67.10000000000001,0.102,0.595,36.6
Jabari Parker,0.035,1.059,16.0,0.18,1.184,86.4,0.041,0.9,19.2,0.11,0.774,54.4,0.068,1.061,32.0,0.244,0.754,118.4,0.068,1.03,32.0,0.112,1.241,54.4,0.0,0.0,0.0,0.087,1.31,41.6,0.035,0.529,16.0
Jacob Evans,0.0,0.0,0.0,0.163,0.893,27.0,0.343,0.576,59.400000000000006,0.0,0.0,0.0,0.0,0.0,0.0,0.227,0.923,37.8,0.076,0.538,13.5,0.0,0.0,0.0,0.07,0.5,10.8,0.0,0.0,0.0,0.058,0.5,10.8
Jae Crowder,0.0,0.0,0.0,0.25,0.935,121.50000000000001,0.102,0.98,49.50000000000001,0.0,0.0,0.0,0.0,0.0,0.0,0.28,0.761,139.5,0.091,0.933,45.0,0.039,1.053,18.0,0.091,0.933,45.0,0.053,1.231,27.0,0.065,0.875,31.499999999999996
Jahlil Okafor,0.0,0.0,0.0,0.083,1.294,16.8,0.0,0.0,0.0,0.195,1.2,39.199999999999996,0.21,0.86,42.0,0.059,1.083,11.200000000000001,0.0,0.0,0.0,0.141,1.379,28.0,0.0,0.0,0.0,0.112,1.348,22.400000000000002,0.132,0.593,28.0
Jake Layman,0.0,0.0,0.0,0.214,1.022,46.0,0.06,0.923,13.799999999999999,0.0,0.0,0.0,0.0,0.0,0.0,0.27,0.931,57.5,0.084,1.111,18.400000000000002,0.098,1.238,20.7,0.121,0.808,25.3,0.0,0.0,0.0,0.06,0.769,13.799999999999999
Jakob Poeltl,0.0,0.0,0.0,0.101,1.133,29.0,0.0,0.0,0.0,0.199,1.237,58.0,0.054,0.75,17.4,0.041,1.0,11.600000000000001,0.0,0.0,0.0,0.257,1.395,75.4,0.0,0.0,0.0,0.209,0.871,63.800000000000004,0.118,0.343,34.8
Jalen Brunson,0.045,0.818,22.8,0.172,0.964,85.5,0.337,0.933,165.29999999999998,0.0,0.0,0.0,0.0,0.0,0.0,0.199,0.969,96.89999999999999,0.076,1.054,34.199999999999996,0.0,0.0,0.0,0.053,1.077,28.5,0.0,0.0,0.0,0.068,0.606,34.199999999999996
Jalen McDaniels,0.0,0.0,0.0,0.191,1.059,17.6,0.0,0.0,0.0,0.0,0.0,0.0,0.0,0.0,0.0,0.427,0.974,38.4,0.0,0.0,0.0,0.0,0.0,0.0,0.0,0.0,0.0,0.0,0.0,0.0,0.0,0.0,0.0
Jamal Murray,0.078,0.84,82.5,0.11,1.061,115.5,0.31,0.895,324.5,0.023,1.25,22.0,0.012,1.231,11.0,0.129,1.06,132.0,0.154,0.919,159.5,0.058,1.417,60.50000000000001,0.05,1.135,49.5,0.017,0.778,16.5,0.059,0.574,60.50000000000001
James Ennis III,0.0,0.0,0.0,0.26,1.149,73.5,0.046,0.615,14.7,0.0,0.0,0.0,0.0,0.0,0.0,0.312,0.944,88.2,0.049,1.071,14.7,0.126,1.472,34.3,0.0,0.0,0.0,0.105,0.8,29.4,0.056,0.438,14.7
James Harden,0.458,1.119,884.5,0.191,1.068,372.09999999999997,0.187,0.967,359.90000000000003,0.0,0.0,0.0,0.0,0.0,0.0,0.045,1.239,85.39999999999999,0.026,1.08,48.800000000000004,0.016,1.323,30.5,0.007,0.538,12.200000000000001,0.017,1.031,30.5,0.046,0.778,91.5
James Johnson,0.068,0.917,12.6,0.153,1.185,26.599999999999998,0.153,1.0,26.599999999999998,0.153,0.815,26.599999999999998,0.0,0.0,0.0,0.407,0.864,43.199999999999996,0.0,0.0,0.0,0.073,1.231,12.6,0.0,0.0,0.0,0.073,1.154,12.6,0.096,0.353,16.8
Jaren Jackson Jr.,0.067,0.948,59.400000000000006,0.13,1.221,113.4,0.023,0.95,21.6,0.119,1.25,102.6,0.127,0.811,113.4,0.25,1.087,216.0,0.052,1.244,43.2,0.061,1.34,54.0,0.063,0.782,54.0,0.041,1.25,37.8,0.067,0.534,59.400000000000006
Jarrett Allen,0.0,0.0,0.0,0.074,1.318,44.8,0.0,0.0,0.0,0.298,1.339,179.2,0.0,0.0,0.0,0.0,0.0,0.0,0.0,0.0,0.0,0.255,1.324,153.6,0.0,0.0,0.0,0.212,1.016,128.0,0.13,0.571,76.8
Jarrett Culver,0.061,0.698,44.099999999999994,0.161,0.814,113.4,0.208,0.781,144.89999999999998,0.0,0.0,0.0,0.0,0.0,0.0,0.247,0.694,170.10000000000002,0.103,0.931,69.30000000000001,0.066,1.196,44.099999999999994,0.027,1.0,18.9,0.058,1.146,44.099999999999994,0.051,0.528,37.8
Jaxson Hayes,0.0,0.0,0.0,0.105,1.595,39.199999999999996,0.0,0.0,0.0,0.297,1.267,106.39999999999999,0.0,0.0,0.0,0.0,0.0,0.0,0.0,0.0,0.0,0.291,1.466,100.8,0.0,0.0,0.0,0.172,0.951,61.60000000000001,0.116,0.341,39.199999999999996
Jaylen Brown,0.073,0.861,70.0,0.225,1.225,220.00000000000003,0.136,0.866,135.0,0.026,0.846,25.0,0.048,1.128,45.0,0.283,1.086,280.0,0.05,0.898,50.0,0.03,1.267,30.0,0.053,1.019,50.0,0.04,1.103,40.0,0.036,0.429,35.0
Jaylen Nowell,0.0,0.0,0.0,0.19,1.167,12.0,0.175,1.364,10.5,0.0,0.0,0.0,0.0,0.0,0.0,0.349,0.5,22.5,0.0,0.0,0.0,0.0,0.0,0.0,0.0,0.0,0.0,0.0,0.0,0.0,0.0,0.0,0.0
Jayson Tatum,0.152,0.99,206.5,0.146,1.215,200.6,0.249,1.041,342.2,0.029,1.128,41.3,0.056,0.922,76.7,0.132,1.033,182.9,0.064,0.807,88.5,0.025,1.235,35.4,0.092,0.833,123.9,0.026,0.722,35.4,0.029,0.667,41.3
Jeff Green,0.0,0.0,0.0,0.19,1.104,48.0,0.048,0.833,12.0,0.083,0.857,21.0,0.056,0.786,15.0,0.373,0.947,93.0,0.052,0.923,12.0,0.079,1.2,21.0,0.0,0.0,0.0,0.0,0.0,0.0,0.067,0.118,18.0
Jeff Teague,0.174,0.837,81.6,0.148,1.059,68.0,0.412,1.047,190.39999999999998,0.0,0.0,0.0,0.0,0.0,0.0,0.115,0.792,54.400000000000006,0.039,0.944,17.0,0.0,0.0,0.0,0.0,0.0,0.0,0.0,0.0,0.0,0.063,0.655,30.6
Jerami Grant,0.045,0.903,32.0,0.108,1.23,76.8,0.029,0.85,19.2,0.119,1.232,83.2,0.076,0.923,51.2,0.355,1.037,243.2,0.032,0.909,19.2,0.127,1.414,89.6,0.035,0.542,25.6,0.044,1.067,32.0,0.031,0.619,19.2
Jeremy Lamb,0.073,0.81,41.4,0.135,1.103,78.2,0.35,1.01,202.4,0.0,0.0,0.0,0.0,0.0,0.0,0.205,1.025,119.60000000000001,0.076,0.841,46.0,0.026,1.333,13.799999999999999,0.057,0.97,32.199999999999996,0.033,1.368,18.400000000000002,0.038,0.636,23.0
Jerome Robinson,0.0,0.0,0.0,0.175,0.967,29.4,0.251,0.791,42.0,0.0,0.0,0.0,0.0,0.0,0.0,0.351,0.517,58.8,0.058,0.8,8.4,0.0,0.0,0.0,0.0,0.0,0.0,0.0,0.0,0.0,0.0,0.0,0.0
Jevon Carter,0.045,1.0,10.0,0.183,1.267,45.0,0.228,0.786,55.00000000000001,0.0,0.0,0.0,0.0,0.0,0.0,0.35,0.977,85.0,0.049,0.75,10.0,0.0,0.0,0.0,0.0,0.0,0.0,0.0,0.0,0.0,0.077,0.632,20.0
Jimmy Butler,0.098,0.952,102.6,0.119,1.397,124.19999999999999,0.359,0.86,378.0,0.021,1.091,21.6,0.065,1.014,70.2,0.071,0.987,75.6,0.056,0.847,59.400000000000006,0.079,1.571,86.4,0.022,1.043,21.6,0.042,0.977,43.2,0.068,0.833,70.2
Joe Harris,0.0,0.0,0.0,0.127,1.238,107.1,0.041,0.706,31.5,0.033,1.111,25.200000000000003,0.0,0.0,0.0,0.271,1.169,226.8,0.139,0.983,113.4,0.053,1.227,44.099999999999994,0.251,1.0,207.89999999999998,0.03,1.0,25.200000000000003,0.053,0.614,44.099999999999994
Joe Ingles,0.055,1.083,38.4,0.112,1.284,76.8,0.429,0.859,281.6,0.0,0.0,0.0,0.0,0.0,0.0,0.194,0.922,128.0,0.073,1.021,51.2,0.0,0.0,0.0,0.068,1.244,44.8,0.0,0.0,0.0,0.053,0.486,32.0
Joel Embiid,0.082,0.831,83.6,0.072,0.973,74.8,0.0,0.0,0.0,0.106,0.897,105.6,0.357,1.117,360.79999999999995,0.123,0.895,123.19999999999999,0.01,1.1,8.8,0.063,1.234,66.0,0.023,0.957,22.0,0.082,1.277,83.6,0.079,0.7,79.2
John Collins,0.019,1.143,12.299999999999999,0.124,1.435,90.2,0.0,0.0,0.0,0.28,1.313,209.1,0.081,1.083,61.5,0.16,0.933,118.89999999999999,0.019,0.857,12.299999999999999,0.136,1.257,102.5,0.0,0.0,0.0,0.106,1.278,77.89999999999999,0.061,0.756,45.1
John Henson,0.0,0.0,0.0,0.064,1.5,8.7,0.0,0.0,0.0,0.231,1.083,34.8,0.0,0.0,0.0,0.16,0.56,26.1,0.0,0.0,0.0,0.256,1.175,40.599999999999994,0.0,0.0,0.0,0.096,1.4,14.5,0.128,0.3,20.299999999999997
John Konchar,0.0,0.0,0.0,0.268,0.727,10.5,0.0,0.0,0.0,0.0,0.0,0.0,0.0,0.0,0.0,0.0,0.0,0.0,0.0,0.0,0.0,0.0,0.0,0.0,0.0,0.0,0.0,0.0,0.0,0.0,0.0,0.0,0.0
Johnathan Williams,0.0,0.0,0.0,0.0,0.0,0.0,0.0,0.0,0.0,0.0,0.0,0.0,0.0,0.0,0.0,0.0,0.0,0.0,0.0,0.0,0.0,0.0,0.0,0.0,0.0,0.0,0.0,0.323,1.5,9.9,0.0,0.0,0.0
Jonas Valanciunas,0.027,0.826,24.8,0.064,1.463,55.800000000000004,0.0,0.0,0.0,0.186,1.236,155.0,0.234,0.975,198.4,0.079,0.985,68.2,0.0,0.0,0.0,0.141,1.252,117.8,0.0,0.0,0.0,0.185,1.212,155.0,0.071,0.317,62.0
Jonathan Isaac,0.027,1.0,9.6,0.191,1.104,76.8,0.04,0.813,16.0,0.047,1.421,19.2,0.047,0.895,19.2,0.318,0.859,128.0,0.052,0.905,22.4,0.072,1.138,28.8,0.0,0.0,0.0,0.132,1.057,54.4,0.06,0.208,25.6
Jordan Bell,0.0,0.0,0.0,0.0,0.0,0.0,0.0,0.0,0.0,0.171,0.692,14.0,0.0,0.0,0.0,0.0,0.0,0.0,0.0,0.0,0.0,0.224,1.412,18.0,0.0,0.0,0.0,0.132,1.0,10.0,0.0,0.0,0.0
Jordan Clarkson,0.103,1.02,51.0,0.146,1.236,71.4,0.274,1.074,136.0,0.0,0.0,0.0,0.0,0.0,0.0,0.254,1.088,125.80000000000001,0.109,1.0,43.5,0.035,1.643,14.5,0.068,1.037,26.1,0.039,1.474,20.4,0.03,1.0,11.600000000000001
Jordan McLaughlin,0.045,1.4,9.0,0.161,1.417,36.0,0.357,0.95,81.0,0.0,0.0,0.0,0.0,0.0,0.0,0.254,1.175,57.0,0.089,0.6,21.0,0.0,0.0,0.0,0.0,0.0,0.0,0.0,0.0,0.0,0.063,0.0,15.0
Jordan McRae,0.097,0.895,37.7,0.186,0.986,72.5,0.327,0.797,127.60000000000001,0.0,0.0,0.0,0.0,0.0,0.0,0.204,1.038,81.19999999999999,0.056,1.045,23.200000000000003,0.0,0.0,0.0,0.043,1.235,17.4,0.0,0.0,0.0,0.043,0.824,17.4
Jordan Poole,0.08,0.755,51.300000000000004,0.124,1.118,74.10000000000001,0.242,0.651,148.20000000000002,0.0,0.0,0.0,0.0,0.0,0.0,0.184,0.752,114.0,0.124,0.658,74.10000000000001,0.021,1.462,11.4,0.176,0.972,108.3,0.0,0.0,0.0,0.042,0.615,28.5
Josh Hart,0.0,0.0,0.0,0.317,1.097,188.1,0.053,0.645,28.5,0.0,0.0,0.0,0.0,0.0,0.0,0.427,0.964,250.8,0.038,0.545,22.8,0.0,0.0,0.0,0.067,0.923,39.9,0.024,1.286,11.4,0.049,1.0,28.5
Josh Jackson,0.0,0.0,0.0,0.269,1.113,52.199999999999996,0.117,0.783,23.400000000000002,0.0,0.0,0.0,0.0,0.0,0.0,0.299,1.153,59.4,0.076,0.133,14.4,0.051,1.6,10.799999999999999,0.0,0.0,0.0,0.0,0.0,0.0,0.0,0.0,0.0
Josh Okogie,0.018,1.5,12.4,0.239,0.985,136.4,0.046,0.615,24.8,0.0,0.0,0.0,0.0,0.0,0.0,0.35,0.889,198.4,0.102,0.793,55.800000000000004,0.083,1.426,49.6,0.019,0.636,12.4,0.081,1.109,43.4,0.051,0.448,31.0
Josh Richardson,0.028,0.95,19.200000000000003,0.115,0.988,81.6,0.318,0.857,230.39999999999998,0.0,0.0,0.0,0.0,0.0,0.0,0.21,0.882,153.60000000000002,0.126,0.879,91.19999999999999,0.03,1.136,24.0,0.069,1.14,48.0,0.025,1.222,19.200000000000003,0.068,0.816,48.0
Jrue Holiday,0.103,1.1,121.00000000000001,0.184,1.042,214.5,0.319,0.781,368.5,0.01,1.25,11.0,0.011,0.923,11.0,0.173,0.915,203.5,0.071,1.072,82.5,0.028,1.303,33.0,0.029,0.618,33.0,0.022,1.2,27.5,0.048,0.661,55.0
Juan Toscano-Anderson,0.0,0.0,0.0,0.148,0.667,11.700000000000001,0.0,0.0,0.0,0.0,0.0,0.0,0.0,0.0,0.0,0.296,1.0,23.400000000000002,0.0,0.0,0.0,0.148,1.0,11.700000000000001,0.0,0.0,0.0,0.0,0.0,0.0,0.0,0.0,0.0
Juancho Hernangomez,0.0,0.0,0.0,0.159,1.259,26.599999999999998,0.0,0.0,0.0,0.094,1.75,15.400000000000002,0.0,0.0,0.0,0.288,0.939,49.0,0.065,1.273,11.200000000000001,0.147,1.08,25.2,0.0,0.0,0.0,0.101,1.143,13.600000000000001,0.082,0.929,14.0
Julius Randle,0.151,0.755,204.8,0.11,0.993,147.2,0.044,0.949,57.6,0.095,0.945,128.0,0.151,0.922,204.8,0.196,0.826,262.4,0.033,1.0,44.8,0.056,1.493,76.8,0.025,0.882,32.0,0.09,1.124,121.6,0.05,0.544,70.4
Justin Holiday,0.0,0.0,0.0,0.231,1.298,117.0,0.051,0.72,26.0,0.0,0.0,0.0,0.0,0.0,0.0,0.35,1.121,175.5,0.051,1.52,26.0,0.061,1.133,32.5,0.17,0.988,84.5,0.024,0.667,13.0,0.04,0.35,19.5
Justin Jackson,0.0,0.0,0.0,0.149,1.196,52.2,0.07,0.958,23.200000000000003,0.029,0.9,11.600000000000001,0.0,0.0,0.0,0.424,0.869,145.0,0.05,0.824,17.4,0.067,1.348,23.200000000000003,0.114,1.103,40.599999999999994,0.044,0.667,17.4,0.029,0.4,11.600000000000001
Justin James,0.0,0.0,0.0,0.194,1.071,13.600000000000001,0.0,0.0,0.0,0.0,0.0,0.0,0.0,0.0,0.0,0.333,0.667,23.799999999999997,0.0,0.0,0.0,0.0,0.0,0.0,0.0,0.0,0.0,0.0,0.0,0.0,0.0,0.0,0.0
Justise Winslow,0.0,0.0,0.0,0.133,0.955,22.0,0.303,0.54,49.5,0.0,0.0,0.0,0.0,0.0,0.0,0.218,0.639,36.3,0.0,0.0,0.0,0.079,1.154,13.2,0.0,0.0,0.0,0.0,0.0,0.0,0.097,0.625,16.5
Kadeem Allen,0.0,0.0,0.0,0.0,0.0,0.0,0.464,0.962,26.0,0.0,0.0,0.0,0.0,0.0,0.0,0.286,0.813,16.0,0.0,0.0,0.0,0.0,0.0,0.0,0.0,0.0,0.0,0.0,0.0,0.0,0.0,0.0,0.0
Karl-Anthony Towns,0.06,1.122,49.0,0.09,1.068,73.5,0.018,1.333,14.0,0.172,1.071,140.0,0.203,0.946,164.5,0.179,1.272,147.0,0.027,0.955,21.0,0.042,1.618,35.0,0.039,1.281,31.5,0.094,1.416,77.0,0.076,0.661,63.0
Kawhi Leonard,0.13,1.065,168.29999999999998,0.141,1.18,183.6,0.332,0.968,433.5,0.013,1.0,15.299999999999999,0.109,0.979,142.79999999999998,0.115,1.107,147.9,0.036,0.745,45.9,0.008,1.6,10.200000000000001,0.061,1.288,81.60000000000001,0.023,1.0,30.599999999999998,0.032,0.905,40.800000000000004
Keita Bates-Diop,0.0,0.0,0.0,0.22,1.037,55.5,0.0,0.0,0.0,0.0,0.0,0.0,0.0,0.0,0.0,0.411,0.842,99.9,0.061,1.133,14.8,0.122,1.533,29.6,0.0,0.0,0.0,0.065,1.438,14.8,0.041,1.0,11.1
Kelan Martin,0.0,0.0,0.0,0.23,1.041,49.6,0.085,0.833,18.599999999999998,0.0,0.0,0.0,0.0,0.0,0.0,0.352,0.867,74.39999999999999,0.117,0.8,24.8,0.0,0.0,0.0,0.08,0.765,15.5,0.0,0.0,0.0,0.052,0.636,12.4
Keldon Johnson,0.0,0.0,0.0,0.308,1.25,11.700000000000001,0.0,0.0,0.0,0.0,0.0,0.0,0.0,0.0,0.0,0.0,0.0,0.0,0.0,0.0,0.0,0.0,0.0,0.0,0.0,0.0,0.0,0.0,0.0,0.0,0.0,0.0,0.0
Kelly Olynyk,0.0,0.0,0.0,0.127,1.208,53.1,0.0,0.0,0.0,0.144,1.083,59.0,0.031,0.769,11.8,0.344,1.168,141.6,0.079,1.061,35.4,0.072,1.467,29.5,0.0,0.0,0.0,0.05,0.952,23.6,0.108,0.622,47.2
Kelly Oubre Jr.,0.031,0.871,33.6,0.225,1.231,229.59999999999997,0.151,0.915,151.20000000000002,0.0,0.0,0.0,0.0,0.0,0.0,0.261,1.023,263.2,0.094,0.917,95.2,0.092,1.14,95.2,0.051,0.827,50.4,0.05,1.098,50.4,0.036,0.649,39.199999999999996
Kemba Walker,0.071,1.027,75.0,0.126,0.908,130.0,0.488,1.084,505.0,0.0,0.0,0.0,0.0,0.0,0.0,0.094,0.876,95.0,0.063,0.938,65.0,0.01,1.2,10.0,0.089,1.033,90.0,0.012,1.0,10.0,0.039,0.775,40.0
Kendrick Nunn,0.051,0.74,49.6,0.15,1.027,148.79999999999998,0.323,0.956,316.2,0.0,0.0,0.0,0.0,0.0,0.0,0.183,0.994,179.79999999999998,0.122,1.017,124.0,0.04,1.275,37.199999999999996,0.075,1.081,74.39999999999999,0.0,0.0,0.0,0.043,0.605,43.4
Kenrich Williams,0.0,0.0,0.0,0.191,1.061,31.5,0.0,0.0,0.0,0.0,0.0,0.0,0.0,0.0,0.0,0.52,0.7,91.0,0.0,0.0,0.0,0.104,1.056,17.5,0.0,0.0,0.0,0.069,0.917,10.5,0.058,0.2,10.5
Kent Bazemore,0.053,0.833,12.6,0.211,1.011,88.0,0.225,0.606,92.4,0.0,0.0,0.0,0.044,1.2,10.5,0.314,0.916,132.0,0.055,1.043,22.0,0.089,1.35,21.0,0.034,0.786,13.2,0.0,0.0,0.0,0.077,0.375,30.799999999999997
Kentavious Caldwell-Pope,0.0,0.0,0.0,0.267,1.193,151.2,0.103,0.81,56.7,0.021,0.667,12.600000000000001,0.0,0.0,0.0,0.297,1.156,170.10000000000002,0.093,0.827,50.400000000000006,0.048,1.481,25.200000000000003,0.082,0.891,44.099999999999994,0.027,1.133,12.600000000000001,0.05,0.643,25.200000000000003
Kevin Huerter,0.022,0.688,16.8,0.168,1.05,123.20000000000002,0.291,0.814,212.79999999999998,0.0,0.0,0.0,0.0,0.0,0.0,0.223,1.224,162.4,0.133,0.813,95.2,0.025,1.0,16.8,0.068,0.796,50.4,0.021,1.333,16.8,0.037,0.407,28.0
Kevin Knox II,0.03,0.333,13.0,0.189,1.065,91.0,0.175,0.64,84.5,0.0,0.0,0.0,0.0,0.0,0.0,0.329,0.852,162.5,0.079,0.872,39.0,0.045,0.909,19.5,0.093,0.826,45.5,0.03,1.267,13.0,0.024,0.5,13.0
Kevin Love,0.052,0.86,50.4,0.093,0.955,89.60000000000001,0.024,0.522,22.400000000000002,0.111,1.377,106.39999999999999,0.213,0.936,201.6,0.196,1.15,184.79999999999998,0.057,0.944,56.0,0.042,1.225,39.199999999999996,0.082,1.026,78.39999999999999,0.041,0.846,39.199999999999996,0.09,0.709,84.0
Kevin Porter Jr.,0.136,0.803,75.0,0.185,1.058,105.0,0.262,0.712,145.0,0.0,0.0,0.0,0.0,0.0,0.0,0.183,1.137,100.0,0.065,0.722,35.0,0.057,1.563,30.0,0.023,0.385,15.0,0.0,0.0,0.0,0.063,0.343,35.0
Kevon Looney,0.0,0.0,0.0,0.0,0.0,0.0,0.0,0.0,0.0,0.106,0.7,10.0,0.0,0.0,0.0,0.266,0.44,26.0,0.0,0.0,0.0,0.17,1.063,16.0,0.0,0.0,0.0,0.202,0.947,20.0,0.0,0.0,0.0
Khem Birch,0.0,0.0,0.0,0.058,1.3,12.0,0.0,0.0,0.0,0.205,1.029,36.0,0.064,0.545,12.0,0.0,0.0,0.0,0.0,0.0,0.0,0.386,0.848,64.0,0.0,0.0,0.0,0.175,1.033,32.0,0.076,0.308,12.0
Khris Middleton,0.126,0.924,132.0,0.181,1.181,187.0,0.255,0.996,264.0,0.01,1.3,11.0,0.087,1.022,93.5,0.134,1.386,137.5,0.054,1.214,55.0,0.024,1.32,27.5,0.063,1.121,66.0,0.018,1.474,16.5,0.048,0.66,49.5
Kris Dunn,0.044,1.0,20.400000000000002,0.21,1.055,91.8,0.304,0.614,132.6,0.0,0.0,0.0,0.0,0.0,0.0,0.304,0.992,132.6,0.053,0.739,25.5,0.0,0.0,0.0,0.0,0.0,0.0,0.0,0.0,0.0,0.048,0.333,20.400000000000002
Kristaps Porzingis,0.041,0.5,40.800000000000004,0.095,1.086,91.8,0.015,0.467,15.299999999999999,0.157,1.195,153.0,0.134,0.788,132.6,0.268,0.996,265.2,0.019,1.105,20.400000000000002,0.063,1.5,61.199999999999996,0.088,0.586,86.7,0.069,1.324,66.3,0.051,0.6,51.0
Ky Bowman,0.064,0.577,27.0,0.147,1.067,58.5,0.334,0.699,135.0,0.0,0.0,0.0,0.0,0.0,0.0,0.174,0.831,72.0,0.115,0.936,45.0,0.037,0.933,13.5,0.049,0.95,18.0,0.025,1.2,9.0,0.054,0.455,22.5
Kyle Anderson,0.033,1.167,11.8,0.226,0.939,82.6,0.129,0.936,47.2,0.058,0.81,23.6,0.0,0.0,0.0,0.24,0.885,88.5,0.044,0.875,17.7,0.096,1.229,35.4,0.0,0.0,0.0,0.08,0.897,29.5,0.066,0.417,23.6
Kyle Korver,0.0,0.0,0.0,0.154,1.063,50.0,0.045,0.857,15.0,0.042,1.462,15.0,0.0,0.0,0.0,0.25,1.256,80.0,0.205,1.234,65.0,0.0,0.0,0.0,0.196,0.984,60.0,0.032,0.7,10.0,0.058,0.111,20.0
Kyle Kuzma,0.095,0.652,70.2,0.196,1.063,140.4,0.11,0.75,81.0,0.033,1.125,21.6,0.048,0.971,32.4,0.272,1.035,199.8,0.03,0.818,21.6,0.059,1.07,43.2,0.077,0.571,54.0,0.038,1.429,27.0,0.043,0.452,32.4
Kyle Lowry,0.063,0.828,62.4,0.286,1.041,291.2,0.285,1.017,291.2,0.016,0.625,15.6,0.0,0.0,0.0,0.128,1.231,130.0,0.043,0.773,41.6,0.01,0.9,10.4,0.09,0.912,93.60000000000001,0.0,0.0,0.0,0.069,0.743,67.60000000000001
Kyle O'Quinn,0.0,0.0,0.0,0.0,0.0,0.0,0.0,0.0,0.0,0.131,1.0,12.5,0.0,0.0,0.0,0.192,0.684,20.0,0.0,0.0,0.0,0.192,1.105,20.0,0.0,0.0,0.0,0.152,0.933,15.0,0.141,0.357,15.0
Kyrie Irving,0.129,1.061,66.0,0.154,1.013,80.0,0.479,1.041,246.0,0.0,0.0,0.0,0.0,0.0,0.0,0.047,1.5,24.0,0.074,1.079,38.0,0.025,1.462,14.0,0.031,0.75,16.0,0.0,0.0,0.0,0.035,0.944,18.0
LaMarcus Aldridge,0.022,0.714,21.200000000000003,0.042,1.425,42.400000000000006,0.0,0.0,0.0,0.221,1.014,206.7,0.322,0.967,307.4,0.161,1.053,153.7,0.0,0.0,0.0,0.07,1.333,63.599999999999994,0.02,1.421,21.200000000000003,0.086,1.272,79.5,0.05,0.426,47.7
Landry Shamet,0.0,0.0,0.0,0.155,0.766,65.8,0.143,0.932,61.1,0.031,1.923,14.1,0.0,0.0,0.0,0.337,1.331,141.0,0.065,0.63,28.2,0.0,0.0,0.0,0.196,1.309,79.89999999999999,0.0,0.0,0.0,0.041,0.176,18.8
Langston Galloway,0.0,0.0,0.0,0.174,1.352,105.60000000000001,0.078,0.766,46.199999999999996,0.025,1.0,13.200000000000001,0.0,0.0,0.0,0.348,1.224,211.20000000000002,0.139,0.798,85.8,0.018,1.091,13.200000000000001,0.154,1.108,92.39999999999999,0.02,0.417,13.200000000000001,0.036,0.864,19.8
Larry Nance Jr.,0.04,0.952,22.400000000000002,0.105,1.232,56.0,0.0,0.0,0.0,0.153,1.012,78.39999999999999,0.079,1.119,44.800000000000004,0.247,1.046,128.79999999999998,0.0,0.0,0.0,0.132,1.314,72.8,0.0,0.0,0.0,0.132,1.257,72.8,0.081,0.442,44.800000000000004
Lauri Markkanen,0.016,0.833,10.0,0.17,1.087,125.0,0.024,1.0,20.0,0.154,0.947,114.99999999999999,0.038,0.679,30.0,0.314,0.961,235.0,0.027,0.85,20.0,0.063,1.17,45.0,0.1,0.932,75.0,0.062,1.326,45.0,0.031,0.609,25.0
LeBron James,0.174,0.915,270.0,0.2,1.126,312.0,0.27,0.983,420.0,0.007,1.273,12.0,0.103,1.0,156.0,0.062,0.969,96.0,0.037,0.649,60.0,0.033,1.392,54.0,0.03,1.34,48.0,0.026,1.415,42.0,0.058,0.422,90.0
Lonnie Walker IV,0.0,0.0,0.0,0.345,0.901,111.30000000000001,0.152,0.653,47.7,0.0,0.0,0.0,0.0,0.0,0.0,0.298,1.073,95.4,0.062,1.0,21.200000000000003,0.04,1.231,10.600000000000001,0.0,0.0,0.0,0.043,1.0,15.899999999999999,0.0,0.0,0.0
Lonzo Ball,0.037,0.484,33.6,0.19,0.949,156.79999999999998,0.263,0.592,218.4,0.0,0.0,0.0,0.0,0.0,0.0,0.304,1.036,252.0,0.042,0.943,33.6,0.024,1.1,22.400000000000002,0.033,0.889,28.0,0.03,1.28,22.400000000000002,0.063,0.365,50.4
Lou Williams,0.067,0.738,78.0,0.136,0.932,162.0,0.518,0.923,612.0,0.008,0.5,12.0,0.0,0.0,0.0,0.108,1.102,126.0,0.05,1.017,60.0,0.008,1.2,12.0,0.035,1.0,42.0,0.009,1.091,12.0,0.06,0.761,72.0
Luguentz Dort,0.0,0.0,0.0,0.235,1.023,43.5,0.0,0.0,0.0,0.0,0.0,0.0,0.0,0.0,0.0,0.492,0.804,92.80000000000001,0.0,0.0,0.0,0.102,1.526,20.299999999999997,0.0,0.0,0.0,0.0,0.0,0.0,0.0,0.0,0.0
Luka Doncic,0.139,1.033,216.0,0.112,0.913,172.8,0.463,1.043,712.8,0.0,0.0,0.0,0.032,1.102,48.6,0.062,0.917,97.2,0.056,1.012,86.4,0.018,1.429,27.0,0.037,0.947,59.400000000000006,0.03,1.128,48.6,0.051,0.551,75.6
Luke Kennard,0.036,0.933,14.0,0.159,1.106,67.2,0.279,0.957,114.79999999999998,0.0,0.0,0.0,0.0,0.0,0.0,0.228,1.221,95.2,0.123,0.922,50.4,0.041,1.471,16.8,0.063,1.038,25.2,0.0,0.0,0.0,0.048,0.95,19.599999999999998
Luke Kornet,0.0,0.0,0.0,0.09,0.895,18.0,0.0,0.0,0.0,0.349,1.068,75.60000000000001,0.0,0.0,0.0,0.292,0.887,61.199999999999996,0.0,0.0,0.0,0.123,1.346,25.2,0.0,0.0,0.0,0.066,1.0,14.4,0.052,0.545,10.799999999999999
Malcolm Brogdon,0.148,0.992,124.80000000000001,0.112,0.883,96.0,0.448,0.907,374.4,0.0,0.0,0.0,0.0,0.0,0.0,0.095,0.863,81.6,0.073,0.738,62.400000000000006,0.015,1.462,14.399999999999999,0.017,1.0,14.399999999999999,0.026,0.864,24.0,0.063,0.906,52.800000000000004
Malik Beasley,0.045,0.75,12.6,0.19,1.254,65.60000000000001,0.165,1.114,43.4,0.0,0.0,0.0,0.0,0.0,0.0,0.344,1.033,123.0,0.142,0.68,49.199999999999996,0.052,1.357,14.0,0.091,0.906,32.800000000000004,0.0,0.0,0.0,0.049,0.923,12.6
Malik Monk,0.049,0.633,27.5,0.171,0.981,104.5,0.188,0.816,115.5,0.02,0.583,11.0,0.0,0.0,0.0,0.29,1.131,176.0,0.068,0.585,38.5,0.046,1.214,27.5,0.105,0.906,66.0,0.021,1.077,11.0,0.041,0.56,27.5
Marc Gasol,0.0,0.0,0.0,0.129,1.289,39.6,0.0,0.0,0.0,0.268,0.899,79.2,0.115,0.824,32.4,0.251,1.162,75.60000000000001,0.0,0.0,0.0,0.075,1.0,21.599999999999998,0.0,0.0,0.0,0.0,0.0,0.0,0.105,0.226,32.4
Marco Belinelli,0.0,0.0,0.0,0.103,1.097,31.2,0.175,0.849,52.0,0.0,0.0,0.0,0.0,0.0,0.0,0.315,0.989,93.60000000000001,0.199,0.983,62.4,0.073,1.091,20.8,0.093,0.964,26.0,0.0,0.0,0.0,0.0,0.0,0.0
Marcus Morris Sr.,0.098,0.961,77.4,0.107,1.31,86.0,0.205,1.05,159.1,0.013,0.7,8.6,0.1,0.859,77.4,0.202,1.234,159.1,0.072,1.018,55.9,0.02,1.063,17.2,0.091,0.915,73.1,0.036,1.143,30.099999999999998,0.056,0.682,43.0
Marcus Smart,0.06,0.872,47.7,0.171,0.932,132.5,0.233,1.044,180.2,0.023,1.111,15.899999999999999,0.039,0.933,31.799999999999997,0.278,0.889,217.29999999999998,0.04,0.935,31.799999999999997,0.031,1.125,26.5,0.041,0.875,31.799999999999997,0.023,0.333,15.899999999999999,0.062,0.625,47.7
Mario Hezonja,0.044,1.091,9.4,0.277,1.319,70.5,0.157,0.564,37.6,0.0,0.0,0.0,0.0,0.0,0.0,0.241,0.817,61.1,0.0,0.0,0.0,0.064,0.688,14.1,0.0,0.0,0.0,0.056,0.857,14.1,0.076,0.263,18.8
Markelle Fultz,0.02,1.0,19.2,0.171,1.176,147.2,0.415,0.864,358.4,0.0,0.0,0.0,0.022,0.263,19.2,0.154,0.707,134.4,0.073,0.857,64.0,0.05,1.395,44.8,0.013,0.909,12.8,0.017,1.4,12.8,0.065,0.375,57.6
Markieff Morris,0.034,1.176,17.6,0.107,1.189,52.8,0.0,0.0,0.0,0.105,1.0,52.8,0.164,0.914,79.2,0.379,1.064,189.2,0.0,0.0,0.0,0.061,1.5,30.799999999999997,0.026,1.308,13.2,0.034,0.471,17.6,0.075,0.135,35.2
Marko Guduric,0.08,0.438,16.8,0.221,1.5,42.0,0.161,0.594,33.6,0.0,0.0,0.0,0.0,0.0,0.0,0.337,0.761,67.2,0.085,0.706,16.8,0.0,0.0,0.0,0.0,0.0,0.0,0.0,0.0,0.0,0.0,0.0,0.0
Marquese Chriss,0.024,0.615,11.8,0.121,1.462,64.9,0.0,0.0,0.0,0.176,1.095,94.4,0.091,0.98,47.2,0.083,0.711,47.2,0.0,0.0,0.0,0.213,1.409,112.1,0.0,0.0,0.0,0.167,0.856,88.5,0.119,0.328,64.9
Marvin Bagley III,0.095,0.684,19.5,0.126,1.24,24.7,0.0,0.0,0.0,0.191,1.132,37.699999999999996,0.136,0.593,27.3,0.121,0.625,23.400000000000002,0.0,0.0,0.0,0.131,1.0,26.0,0.0,0.0,0.0,0.121,1.292,23.400000000000002,0.0,0.0,0.0
Marvin Williams,0.0,0.0,0.0,0.098,1.2,24.599999999999998,0.0,0.0,0.0,0.125,1.031,32.800000000000004,0.176,1.111,45.1,0.375,1.063,94.3,0.0,0.0,0.0,0.039,1.7,8.200000000000001,0.039,0.6,8.200000000000001,0.0,0.0,0.0,0.117,0.667,28.7
Mason Plumlee,0.036,1.0,15.899999999999999,0.098,0.895,37.099999999999994,0.0,0.0,0.0,0.223,1.349,84.80000000000001,0.171,0.803,63.599999999999994,0.062,0.25,26.5,0.0,0.0,0.0,0.155,1.333,58.300000000000004,0.0,0.0,0.0,0.14,1.241,53.0,0.114,0.227,42.400000000000006
Matisse Thybulle,0.0,0.0,0.0,0.25,1.149,74.10000000000001,0.044,0.692,11.4,0.0,0.0,0.0,0.0,0.0,0.0,0.449,0.94,131.1,0.057,0.412,17.099999999999998,0.037,1.455,11.4,0.054,0.625,17.099999999999998,0.0,0.0,0.0,0.068,0.2,22.8
Matt Thomas,0.0,0.0,0.0,0.145,1.813,17.4,0.0,0.0,0.0,0.0,0.0,0.0,0.0,0.0,0.0,0.336,1.108,37.7,0.0,0.0,0.0,0.0,0.0,0.0,0.273,1.2,29.0,0.0,0.0,0.0,0.0,0.0,0.0
Matthew Dellavedova,0.0,0.0,0.0,0.124,0.452,28.5,0.363,0.692,91.2,0.0,0.0,0.0,0.0,0.0,0.0,0.239,0.783,62.7,0.084,0.905,22.8,0.0,0.0,0.0,0.0,0.0,0.0,0.0,0.0,0.0,0.092,0.304,22.8
Maurice Harkless,0.0,0.0,0.0,0.167,1.043,45.0,0.082,0.696,25.0,0.0,0.0,0.0,0.043,1.0,10.0,0.33,1.054,95.0,0.0,0.0,0.0,0.177,1.2,50.0,0.0,0.0,0.0,0.092,0.808,25.0,0.064,0.5,20.0
Maxi Kleber,0.0,0.0,0.0,0.073,1.4,39.6,0.0,0.0,0.0,0.269,1.399,145.20000000000002,0.0,0.0,0.0,0.412,0.978,224.4,0.0,0.0,0.0,0.08,1.295,46.199999999999996,0.0,0.0,0.0,0.074,0.732,39.6,0.056,0.548,33.0
Meyers Leonard,0.0,0.0,0.0,0.101,1.37,29.4,0.0,0.0,0.0,0.131,1.343,34.3,0.06,0.625,14.7,0.393,1.067,102.9,0.0,0.0,0.0,0.154,1.39,39.2,0.0,0.0,0.0,0.0,0.0,0.0,0.064,0.118,14.7
Michael Carter-Williams,0.052,0.647,16.8,0.191,1.365,63.0,0.155,0.765,50.4,0.0,0.0,0.0,0.0,0.0,0.0,0.328,0.907,109.2,0.058,0.789,21.0,0.07,1.217,21.0,0.0,0.0,0.0,0.067,0.364,21.0,0.064,0.571,21.0
Michael Kidd-Gilchrist,0.0,0.0,0.0,0.0,0.0,0.0,0.0,0.0,0.0,0.0,0.0,0.0,0.0,0.0,0.0,0.453,0.724,28.799999999999997,0.0,0.0,0.0,0.0,0.0,0.0,0.0,0.0,0.0,0.0,0.0,0.0,0.0,0.0,0.0
Michael Porter Jr.,0.056,1.053,19.200000000000003,0.185,1.048,62.400000000000006,0.041,0.571,14.399999999999999,0.0,0.0,0.0,0.0,0.0,0.0,0.203,1.203,67.19999999999999,0.071,0.708,24.0,0.138,1.404,48.0,0.085,0.897,28.799999999999997,0.129,0.977,43.2,0.056,0.737,19.200000000000003
Mikal Bridges,0.0,0.0,0.0,0.217,1.425,110.5,0.038,0.95,19.5,0.025,0.692,13.0,0.0,0.0,0.0,0.367,0.853,188.5,0.027,0.929,13.0,0.156,1.494,78.0,0.04,0.81,19.5,0.046,1.375,26.0,0.073,0.658,39.0
Mike Conley,0.061,1.189,36.9,0.111,1.147,69.7,0.469,0.822,287.0,0.0,0.0,0.0,0.0,0.0,0.0,0.17,1.154,102.5,0.056,0.824,32.800000000000004,0.0,0.0,0.0,0.074,0.622,45.1,0.0,0.0,0.0,0.033,0.5,20.5
Mike Muscala,0.0,0.0,0.0,0.07,1.385,12.299999999999999,0.0,0.0,0.0,0.416,1.091,77.89999999999999,0.0,0.0,0.0,0.303,0.929,57.4,0.0,0.0,0.0,0.081,1.067,16.400000000000002,0.0,0.0,0.0,0.0,0.0,0.0,0.059,0.636,12.299999999999999
Mike Scott,0.0,0.0,0.0,0.154,1.109,56.7,0.0,0.0,0.0,0.059,0.81,18.9,0.062,0.727,18.9,0.427,1.066,151.2,0.0,0.0,0.0,0.098,0.971,37.8,0.037,1.308,12.600000000000001,0.076,0.889,25.200000000000003,0.067,0.583,25.200000000000003
Miles Bridges,0.049,0.773,45.5,0.149,0.94,136.5,0.073,0.97,65.0,0.059,0.717,52.0,0.078,1.086,71.5,0.37,1.0,331.5,0.031,0.536,26.0,0.051,1.283,45.5,0.031,0.536,26.0,0.058,1.173,52.0,0.052,0.426,45.5
Mitchell Robinson,0.0,0.0,0.0,0.092,1.537,42.699999999999996,0.0,0.0,0.0,0.26,1.655,115.89999999999999,0.0,0.0,0.0,0.0,0.0,0.0,0.0,0.0,0.0,0.202,1.411,91.5,0.0,0.0,0.0,0.352,1.217,158.6,0.076,0.353,36.6
Mo Bamba,0.0,0.0,0.0,0.052,1.389,18.0,0.0,0.0,0.0,0.284,0.816,96.0,0.049,0.353,18.0,0.159,0.873,54.0,0.0,0.0,0.0,0.154,1.302,54.0,0.0,0.0,0.0,0.212,1.219,72.0,0.081,0.357,30.0
Monte Morris,0.033,0.944,19.5,0.178,1.143,97.5,0.422,0.914,234.0,0.0,0.0,0.0,0.0,0.0,0.0,0.191,0.952,104.0,0.06,0.97,32.5,0.055,1.367,32.5,0.0,0.0,0.0,0.0,0.0,0.0,0.033,0.944,19.5
Montrezl Harrell,0.092,1.041,100.80000000000001,0.151,1.069,157.5,0.024,1.16,25.200000000000003,0.173,1.31,182.7,0.189,0.98,201.60000000000002,0.041,0.698,44.099999999999994,0.0,0.0,0.0,0.135,1.357,144.89999999999998,0.0,0.0,0.0,0.125,1.195,132.3,0.063,0.478,69.30000000000001
Moritz Wagner,0.059,0.947,18.5,0.105,0.941,33.300000000000004,0.0,0.0,0.0,0.211,1.118,66.60000000000001,0.037,1.25,11.1,0.176,1.105,55.5,0.0,0.0,0.0,0.189,1.557,59.2,0.0,0.0,0.0,0.102,1.121,33.300000000000004,0.108,0.343,33.300000000000004
Mychal Mulder,0.0,0.0,0.0,0.156,1.583,11.9,0.0,0.0,0.0,0.0,0.0,0.0,0.0,0.0,0.0,0.364,1.036,28.0,0.0,0.0,0.0,0.0,0.0,0.0,0.208,0.313,16.099999999999998,0.0,0.0,0.0,0.0,0.0,0.0
Myles Turner,0.0,0.0,0.0,0.067,0.837,44.0,0.0,0.0,0.0,0.271,0.971,176.0,0.156,0.97,99.0,0.266,1.105,170.5,0.0,0.0,0.0,0.082,1.245,55.0,0.0,0.0,0.0,0.056,1.278,38.5,0.073,0.404,49.5
Nassir Little,0.0,0.0,0.0,0.188,1.029,33.599999999999994,0.0,0.0,0.0,0.0,0.0,0.0,0.0,0.0,0.0,0.328,0.869,62.400000000000006,0.0,0.0,0.0,0.151,1.393,28.799999999999997,0.0,0.0,0.0,0.108,1.1,19.200000000000003,0.059,0.364,9.600000000000001
Naz Reid,0.053,0.333,15.0,0.074,1.286,21.0,0.0,0.0,0.0,0.285,0.901,81.0,0.074,0.762,21.0,0.229,1.169,66.0,0.0,0.0,0.0,0.113,1.375,33.0,0.0,0.0,0.0,0.092,0.923,27.0,0.053,0.133,15.0
Nemanja Bjelica,0.033,0.708,25.6,0.121,1.195,89.6,0.035,0.76,25.6,0.1,1.25,70.4,0.09,0.8,64.0,0.283,1.25,204.8,0.0,0.0,0.0,0.058,1.452,44.8,0.107,0.753,76.8,0.112,0.988,83.2,0.049,0.429,32.0
Nerlens Noel,0.0,0.0,0.0,0.067,1.375,22.0,0.0,0.0,0.0,0.326,1.414,115.5,0.0,0.0,0.0,0.053,0.474,16.5,0.0,0.0,0.0,0.264,1.34,93.5,0.0,0.0,0.0,0.132,1.17,49.5,0.124,0.591,44.0
Nickeil Alexander-Walker,0.047,0.538,12.299999999999999,0.118,0.576,32.800000000000004,0.366,0.667,102.5,0.0,0.0,0.0,0.0,0.0,0.0,0.265,0.973,73.8,0.05,1.571,12.299999999999999,0.0,0.0,0.0,0.061,0.824,16.400000000000002,0.0,0.0,0.0,0.065,0.0,16.400000000000002
Nicolas Batum,0.0,0.0,0.0,0.104,0.182,11.0,0.198,0.429,22.0,0.0,0.0,0.0,0.0,0.0,0.0,0.292,1.194,30.799999999999997,0.0,0.0,0.0,0.0,0.0,0.0,0.123,0.385,13.2,0.0,0.0,0.0,0.0,0.0,0.0
Nicolas Claxton,0.0,0.0,0.0,0.152,1.2,10.5,0.0,0.0,0.0,0.333,1.136,22.5,0.0,0.0,0.0,0.167,0.364,10.5,0.0,0.0,0.0,0.0,0.0,0.0,0.0,0.0,0.0,0.0,0.0,0.0,0.0,0.0,0.0
Nicolo Melli,0.0,0.0,0.0,0.13,0.978,46.800000000000004,0.0,0.0,0.0,0.153,1.094,52.0,0.098,0.912,36.4,0.395,1.153,135.20000000000002,0.0,0.0,0.0,0.055,1.263,20.8,0.037,1.154,15.6,0.046,0.938,15.6,0.063,0.591,20.8
Nikola Jokic,0.061,1.025,78.0,0.049,0.825,65.0,0.029,0.784,39.0,0.171,0.959,221.0,0.241,1.055,312.0,0.115,0.973,149.5,0.0,0.0,0.0,0.088,1.319,110.5,0.068,1.068,91.0,0.084,1.367,110.5,0.091,0.581,117.0
Nikola Vucevic,0.0,0.0,0.0,0.076,1.1,81.0,0.0,0.0,0.0,0.263,1.13,275.4,0.201,0.801,210.6,0.158,0.91,167.4,0.0,0.0,0.0,0.138,1.31,145.8,0.021,0.909,21.6,0.089,0.914,91.8,0.041,0.465,43.2
Noah Vonleh,0.0,0.0,0.0,0.0,0.0,0.0,0.0,0.0,0.0,0.21,0.72,26.1,0.118,1.0,14.5,0.143,0.882,17.4,0.0,0.0,0.0,0.16,1.316,20.299999999999997,0.0,0.0,0.0,0.118,1.429,14.5,0.168,0.6,20.299999999999997
Norman Powell,0.028,1.167,17.6,0.304,1.25,193.60000000000002,0.131,0.843,83.6,0.0,0.0,0.0,0.0,0.0,0.0,0.259,1.165,162.8,0.04,1.2,26.4,0.049,1.452,30.799999999999997,0.111,1.071,70.4,0.019,0.833,13.2,0.049,0.871,30.799999999999997
Norvel Pelle,0.0,0.0,0.0,0.0,0.0,0.0,0.0,0.0,0.0,0.216,1.0,10.2,0.0,0.0,0.0,0.0,0.0,0.0,0.0,0.0,0.0,0.216,0.909,10.2,0.0,0.0,0.0,0.235,1.167,11.899999999999999,0.216,0.0,10.2
OG Anunoby,0.025,0.5,18.9,0.252,1.256,157.5,0.047,0.833,31.5,0.025,1.063,18.9,0.044,0.607,25.200000000000003,0.352,1.045,226.8,0.022,1.071,12.600000000000001,0.11,1.157,69.30000000000001,0.024,0.733,12.600000000000001,0.055,1.257,37.8,0.044,0.714,25.200000000000003
Omari Spellman,0.054,0.857,19.6,0.093,1.194,34.3,0.0,0.0,0.0,0.149,1.034,58.8,0.116,0.711,44.1,0.276,1.093,107.80000000000001,0.0,0.0,0.0,0.057,1.182,19.6,0.039,0.867,14.7,0.134,0.942,53.900000000000006,0.075,0.241,29.4
Otto Porter Jr.,0.0,0.0,0.0,0.15,1.083,23.8,0.275,0.955,43.4,0.0,0.0,0.0,0.0,0.0,0.0,0.213,1.294,33.6,0.094,0.8,15.400000000000002,0.0,0.0,0.0,0.081,1.615,12.6,0.0,0.0,0.0,0.0,0.0,0.0
P.J. Tucker,0.0,0.0,0.0,0.108,1.14,51.2,0.0,0.0,0.0,0.082,0.868,38.4,0.0,0.0,0.0,0.562,1.012,262.4,0.0,0.0,0.0,0.078,1.194,38.4,0.0,0.0,0.0,0.065,1.033,32.0,0.095,0.591,44.8
P.J. Washington,0.031,0.87,23.200000000000003,0.106,1.203,81.19999999999999,0.0,0.0,0.0,0.19,0.979,139.2,0.148,0.836,110.19999999999999,0.332,0.911,249.39999999999998,0.0,0.0,0.0,0.082,1.23,63.800000000000004,0.015,0.818,11.600000000000001,0.044,1.03,34.8,0.032,0.25,23.200000000000003
PJ Dozier,0.103,0.727,10.5,0.121,1.385,12.6,0.318,0.735,33.6,0.0,0.0,0.0,0.0,0.0,0.0,0.178,0.632,18.900000000000002,0.0,0.0,0.0,0.0,0.0,0.0,0.0,0.0,0.0,0.0,0.0,0.0,0.112,0.25,12.6
Pascal Siakam,0.186,0.874,233.20000000000002,0.217,1.215,270.29999999999995,0.141,0.857,174.89999999999998,0.037,1.109,47.7,0.125,0.923,153.7,0.137,0.976,169.60000000000002,0.033,0.756,42.400000000000006,0.044,1.564,53.0,0.015,0.737,21.200000000000003,0.027,0.912,31.799999999999997,0.039,0.917,47.7
Pat Connaughton,0.0,0.0,0.0,0.144,1.043,48.800000000000004,0.063,0.45,18.3,0.0,0.0,0.0,0.0,0.0,0.0,0.329,0.952,103.7,0.085,0.889,24.400000000000002,0.138,1.227,42.699999999999996,0.063,0.9,18.3,0.066,1.667,18.3,0.069,0.5,24.400000000000002
Patrick Beverley,0.049,0.7,19.200000000000003,0.123,1.12,48.0,0.207,0.857,86.4,0.0,0.0,0.0,0.0,0.0,0.0,0.451,1.104,182.39999999999998,0.0,0.0,0.0,0.0,0.0,0.0,0.0,0.0,0.0,0.03,0.75,14.399999999999999,0.081,0.212,33.599999999999994
Patrick McCaw,0.0,0.0,0.0,0.157,0.968,29.6,0.157,0.742,29.6,0.0,0.0,0.0,0.0,0.0,0.0,0.437,0.93,85.1,0.0,0.0,0.0,0.086,1.294,18.5,0.0,0.0,0.0,0.0,0.0,0.0,0.0,0.0,0.0
Patrick Patterson,0.0,0.0,0.0,0.112,1.28,25.5,0.0,0.0,0.0,0.125,0.821,25.5,0.0,0.0,0.0,0.5,1.152,112.2,0.0,0.0,0.0,0.0,0.0,0.0,0.0,0.0,0.0,0.089,0.7,20.400000000000002,0.08,0.556,20.400000000000002
Patty Mills,0.02,0.692,12.600000000000001,0.155,1.204,100.80000000000001,0.266,1.006,176.39999999999998,0.018,1.417,12.600000000000001,0.0,0.0,0.0,0.215,1.266,144.89999999999998,0.138,1.12,94.5,0.0,0.0,0.0,0.119,0.987,81.9,0.0,0.0,0.0,0.054,0.861,37.8
Paul George,0.104,0.711,88.2,0.134,1.112,117.6,0.314,0.952,273.0,0.0,0.0,0.0,0.049,0.762,42.0,0.125,1.093,109.2,0.047,1.39,42.0,0.0,0.0,0.0,0.157,1.125,134.4,0.0,0.0,0.0,0.045,0.615,37.800000000000004
Paul Millsap,0.058,0.897,30.799999999999997,0.136,1.265,66.0,0.0,0.0,0.0,0.072,1.194,35.2,0.154,0.87,79.2,0.216,1.185,110.0,0.0,0.0,0.0,0.142,1.197,70.4,0.046,0.739,22.0,0.092,1.0,44.0,0.05,0.28,26.4
Quinn Cook,0.095,1.211,19.0,0.184,0.946,38.0,0.338,0.824,68.4,0.0,0.0,0.0,0.0,0.0,0.0,0.219,1.045,45.6,0.06,0.667,11.4,0.0,0.0,0.0,0.0,0.0,0.0,0.0,0.0,0.0,0.0,0.0,0.0
RJ Barrett,0.065,0.667,61.60000000000001,0.209,0.941,201.6,0.277,0.682,268.8,0.0,0.0,0.0,0.037,0.972,33.6,0.193,0.968,184.79999999999998,0.069,0.716,67.2,0.042,1.098,39.199999999999996,0.035,0.824,33.6,0.033,1.125,33.6,0.038,0.459,39.199999999999996
Rajon Rondo,0.091,0.775,38.400000000000006,0.182,0.925,81.6,0.416,0.781,182.39999999999998,0.0,0.0,0.0,0.0,0.0,0.0,0.182,0.85,81.6,0.0,0.0,0.0,0.0,0.0,0.0,0.0,0.0,0.0,0.0,0.0,0.0,0.08,0.114,33.599999999999994
Raul Neto,0.047,0.364,9.8,0.155,1.0,34.3,0.326,0.75,78.4,0.0,0.0,0.0,0.0,0.0,0.0,0.258,1.033,58.8,0.064,1.667,14.7,0.0,0.0,0.0,0.0,0.0,0.0,0.0,0.0,0.0,0.099,0.565,24.5
Reggie Bullock,0.0,0.0,0.0,0.228,0.842,58.0,0.188,0.894,46.400000000000006,0.0,0.0,0.0,0.0,0.0,0.0,0.252,0.905,63.800000000000004,0.092,0.739,23.200000000000003,0.068,1.412,17.4,0.096,1.125,23.200000000000003,0.0,0.0,0.0,0.0,0.0,0.0
Reggie Jackson,0.068,0.625,15.400000000000002,0.136,1.0,32.199999999999996,0.462,0.826,109.2,0.0,0.0,0.0,0.0,0.0,0.0,0.288,1.522,23.400000000000002,0.059,1.357,14.0,0.0,0.0,0.0,0.0,0.0,0.0,0.0,0.0,0.0,0.0,0.0,0.0
Richaun Holmes,0.0,0.0,0.0,0.055,1.739,23.4,0.0,0.0,0.0,0.295,1.226,124.80000000000001,0.04,1.118,15.600000000000001,0.024,0.7,11.7,0.0,0.0,0.0,0.267,1.339,113.1,0.0,0.0,0.0,0.217,1.242,89.69999999999999,0.095,0.425,39.0
Ricky Rubio,0.021,0.944,17.099999999999998,0.149,0.937,125.4,0.4,0.778,342.0,0.0,0.0,0.0,0.0,0.0,0.0,0.242,1.005,205.20000000000002,0.065,0.857,57.0,0.021,0.833,17.099999999999998,0.0,0.0,0.0,0.019,0.813,17.099999999999998,0.073,0.774,62.7
Robert Covington,0.023,1.143,14.399999999999999,0.212,1.171,129.60000000000002,0.039,0.833,24.0,0.035,1.286,19.200000000000003,0.0,0.0,0.0,0.4,1.054,244.79999999999998,0.053,0.688,33.599999999999994,0.071,1.07,43.2,0.074,0.911,43.2,0.03,1.167,19.200000000000003,0.064,0.385,38.400000000000006
Robert Williams III,0.0,0.0,0.0,0.109,0.7,9.200000000000001,0.0,0.0,0.0,0.283,1.192,25.3,0.0,0.0,0.0,0.0,0.0,0.0,0.0,0.0,0.0,0.207,1.632,18.400000000000002,0.0,0.0,0.0,0.207,1.105,18.400000000000002,0.174,0.25,16.099999999999998
Robin Lopez,0.0,0.0,0.0,0.087,1.233,30.0,0.0,0.0,0.0,0.145,1.2,48.0,0.209,0.931,72.0,0.249,0.93,84.0,0.0,0.0,0.0,0.116,1.05,42.0,0.0,0.0,0.0,0.101,0.857,36.0,0.084,0.345,30.0
Rodions Kurucs,0.0,0.0,0.0,0.176,0.969,31.200000000000003,0.055,0.5,11.7,0.0,0.0,0.0,0.0,0.0,0.0,0.363,0.97,66.3,0.0,0.0,0.0,0.148,1.37,27.299999999999997,0.0,0.0,0.0,0.055,0.8,11.7,0.06,0.091,11.7
Rodney Hood,0.119,1.417,23.1,0.144,1.207,29.4,0.124,0.84,25.2,0.0,0.0,0.0,0.114,0.826,23.1,0.337,1.221,67.2,0.0,0.0,0.0,0.0,0.0,0.0,0.0,0.0,0.0,0.0,0.0,0.0,0.0,0.0,0.0
Rodney McGruder,0.0,0.0,0.0,0.149,0.786,30.0,0.059,0.727,10.0,0.0,0.0,0.0,0.0,0.0,0.0,0.521,0.857,100.0,0.064,1.083,10.0,0.096,0.833,20.0,0.0,0.0,0.0,0.0,0.0,0.0,0.0,0.0,0.0
Romeo Langford,0.0,0.0,0.0,0.205,1.059,16.2,0.0,0.0,0.0,0.0,0.0,0.0,0.0,0.0,0.0,0.325,0.556,27.0,0.0,0.0,0.0,0.133,0.727,10.8,0.0,0.0,0.0,0.12,1.0,10.8,0.0,0.0,0.0
Rondae Hollis-Jefferson,0.035,1.214,15.6,0.179,1.028,72.8,0.027,0.727,10.4,0.102,1.049,41.6,0.095,0.947,36.4,0.109,0.659,41.6,0.0,0.0,0.0,0.246,1.061,98.8,0.0,0.0,0.0,0.137,0.982,57.2,0.057,0.391,20.8
Royce O'Neale,0.0,0.0,0.0,0.225,1.045,89.6,0.0,0.0,0.0,0.038,0.667,12.8,0.0,0.0,0.0,0.549,1.157,217.6,0.0,0.0,0.0,0.038,1.333,12.8,0.0,0.0,0.0,0.0,0.0,0.0,0.068,0.37,25.6
Rudy Gay,0.101,0.625,66.0,0.136,1.058,84.0,0.098,1.194,60.0,0.062,1.077,42.0,0.09,0.754,60.0,0.333,0.938,210.0,0.025,0.875,18.0,0.03,1.421,18.0,0.027,0.941,18.0,0.062,1.077,42.0,0.036,0.522,24.0
Rudy Gobert,0.0,0.0,0.0,0.074,1.339,62.0,0.0,0.0,0.0,0.266,1.192,210.79999999999998,0.046,0.919,37.199999999999996,0.014,0.909,12.4,0.0,0.0,0.0,0.277,1.419,223.20000000000002,0.0,0.0,0.0,0.206,1.152,167.4,0.109,0.494,86.8
Rui Hachimura,0.042,0.87,24.599999999999998,0.192,1.19,106.60000000000001,0.0,0.0,0.0,0.106,0.931,57.4,0.084,0.804,45.1,0.25,0.832,135.29999999999998,0.0,0.0,0.0,0.172,1.191,94.3,0.0,0.0,0.0,0.071,1.359,41.0,0.051,0.464,28.7
Russell Westbrook,0.25,0.883,392.20000000000005,0.248,1.023,392.20000000000005,0.124,0.934,196.10000000000002,0.0,0.0,0.0,0.09,0.803,143.10000000000002,0.142,0.884,222.60000000000002,0.015,0.875,26.5,0.025,1.077,37.099999999999994,0.008,1.154,10.600000000000001,0.03,0.958,47.7,0.063,0.68,100.69999999999999
Ryan Arcidiacono,0.0,0.0,0.0,0.206,1.107,58.0,0.221,0.683,58.0,0.0,0.0,0.0,0.0,0.0,0.0,0.357,1.031,98.6,0.048,1.231,11.600000000000001,0.037,1.7,11.600000000000001,0.0,0.0,0.0,0.0,0.0,0.0,0.063,0.529,17.4
Ryan Broekhoff,0.0,0.0,0.0,0.162,1.091,10.2,0.0,0.0,0.0,0.0,0.0,0.0,0.0,0.0,0.0,0.412,1.107,27.200000000000003,0.0,0.0,0.0,0.0,0.0,0.0,0.0,0.0,0.0,0.0,0.0,0.0,0.0,0.0,0.0
Sekou Doumbouya,0.038,0.909,11.4,0.188,0.759,53.199999999999996,0.045,1.0,11.4,0.0,0.0,0.0,0.038,1.182,11.4,0.413,0.706,117.8,0.035,0.9,11.4,0.122,1.229,34.2,0.0,0.0,0.0,0.038,0.909,11.4,0.038,0.455,11.4
Semi Ojeleye,0.0,0.0,0.0,0.148,1.222,24.400000000000002,0.0,0.0,0.0,0.066,1.167,12.200000000000001,0.0,0.0,0.0,0.503,1.065,91.5,0.0,0.0,0.0,0.071,1.231,12.200000000000001,0.0,0.0,0.0,0.0,0.0,0.0,0.055,0.6,12.200000000000001
Serge Ibaka,0.0,0.0,0.0,0.109,1.417,85.0,0.0,0.0,0.0,0.31,1.008,240.0,0.065,0.92,50.0,0.179,0.812,140.0,0.0,0.0,0.0,0.144,1.171,110.00000000000001,0.018,1.5,15.0,0.109,1.25,85.0,0.054,0.214,40.0
Seth Curry,0.045,1.0,29.5,0.169,1.286,106.2,0.231,1.028,141.6,0.0,0.0,0.0,0.0,0.0,0.0,0.34,1.36,212.4,0.048,1.1,29.5,0.0,0.0,0.0,0.074,0.957,47.2,0.018,1.455,11.8,0.048,0.7,29.5
Shabazz Napier,0.056,0.864,21.599999999999998,0.152,1.067,61.199999999999996,0.418,0.836,165.6,0.0,0.0,0.0,0.0,0.0,0.0,0.175,1.174,68.39999999999999,0.081,0.563,32.4,0.0,0.0,0.0,0.03,0.167,10.799999999999999,0.0,0.0,0.0,0.106,0.5,19.5
Shai Gilgeous-Alexander,0.135,0.994,163.8,0.177,1.171,207.89999999999998,0.372,0.971,441.0,0.0,0.0,0.0,0.0,0.0,0.0,0.188,1.098,226.8,0.047,0.75,56.7,0.022,1.077,25.200000000000003,0.012,0.286,12.600000000000001,0.013,0.75,18.9,0.032,1.132,37.8
Shake Milton,0.0,0.0,0.0,0.205,1.211,57.6,0.23,0.875,64.0,0.0,0.0,0.0,0.0,0.0,0.0,0.331,1.185,92.8,0.079,0.909,22.4,0.036,1.8,9.6,0.058,0.813,16.0,0.0,0.0,0.0,0.0,0.0,0.0
Shaquille Harrison,0.077,0.75,17.2,0.237,1.143,47.300000000000004,0.208,1.047,43.0,0.0,0.0,0.0,0.0,0.0,0.0,0.251,0.942,51.6,0.072,0.8,12.9,0.048,1.8,8.6,0.0,0.0,0.0,0.048,1.2,8.6,0.0,0.0,0.0
Skal Labissiere,0.0,0.0,0.0,0.052,1.0,9.9,0.0,0.0,0.0,0.275,1.208,52.800000000000004,0.088,0.824,16.5,0.0,0.0,0.0,0.0,0.0,0.0,0.192,1.405,36.300000000000004,0.0,0.0,0.0,0.207,0.9,39.6,0.124,0.292,23.099999999999998
Solomon Hill,0.069,0.85,19.200000000000003,0.189,1.091,52.800000000000004,0.0,0.0,0.0,0.082,0.958,24.0,0.0,0.0,0.0,0.368,1.037,105.60000000000001,0.041,0.5,14.399999999999999,0.045,1.154,14.399999999999999,0.052,0.733,14.399999999999999,0.038,1.364,9.600000000000001,0.072,0.333,19.200000000000003
Spencer Dinwiddie,0.148,0.951,204.8,0.139,1.052,192.0,0.482,0.889,665.6,0.0,0.0,0.0,0.0,0.0,0.0,0.111,1.026,153.6,0.027,0.789,38.4,0.014,1.632,19.2,0.027,1.5,38.4,0.009,0.5,12.8,0.038,0.5,51.2
Stephen Curry,0.0,0.0,0.0,0.118,1.077,13.0,0.3,0.909,33.0,0.0,0.0,0.0,0.0,0.0,0.0,0.127,1.357,14.0,0.0,0.0,0.0,0.0,0.0,0.0,0.173,0.474,19.0,0.0,0.0,0.0,0.0,0.0,0.0
Sterling Brown,0.0,0.0,0.0,0.25,0.567,67.5,0.164,0.477,45.0,0.0,0.0,0.0,0.0,0.0,0.0,0.299,1.1,81.0,0.067,0.833,18.0,0.045,1.667,13.5,0.052,1.071,13.5,0.052,1.143,13.5,0.041,0.727,9.0
Steven Adams,0.021,0.769,11.600000000000001,0.06,1.162,34.8,0.018,1.273,11.600000000000001,0.23,1.268,139.2,0.23,0.887,139.2,0.0,0.0,0.0,0.0,0.0,0.0,0.15,1.226,92.80000000000001,0.0,0.0,0.0,0.176,0.954,110.19999999999999,0.097,0.55,58.0
Svi Mykhailiuk,0.0,0.0,0.0,0.217,1.159,106.39999999999999,0.144,0.62,72.8,0.0,0.0,0.0,0.0,0.0,0.0,0.296,1.13,145.6,0.128,1.016,61.60000000000001,0.028,1.0,16.8,0.126,1.065,61.60000000000001,0.0,0.0,0.0,0.043,0.476,22.400000000000002
T.J. McConnell,0.045,1.476,18.9,0.188,1.057,88.19999999999999,0.459,0.869,214.2,0.0,0.0,0.0,0.0,0.0,0.0,0.125,0.81,56.7,0.03,0.714,12.600000000000001,0.047,0.909,18.9,0.0,0.0,0.0,0.022,0.6,12.600000000000001,0.067,0.323,31.5
T.J. Warren,0.041,0.833,42.699999999999996,0.197,1.269,201.29999999999998,0.184,0.888,189.1,0.0,0.0,0.0,0.025,0.538,24.400000000000002,0.225,1.1,231.79999999999998,0.062,1.143,61.0,0.086,1.466,85.39999999999999,0.091,1.097,91.5,0.049,1.5,48.800000000000004,0.037,0.684,36.6
TJ Leaf,0.0,0.0,0.0,0.0,0.0,0.0,0.0,0.0,0.0,0.191,1.154,12.8,0.0,0.0,0.0,0.221,0.8,14.4,0.0,0.0,0.0,0.147,0.8,9.6,0.0,0.0,0.0,0.235,0.5,16.0,0.0,0.0,0.0
Taj Gibson,0.0,0.0,0.0,0.075,1.222,24.8,0.0,0.0,0.0,0.237,1.306,86.8,0.117,0.976,43.4,0.114,0.659,43.4,0.0,0.0,0.0,0.17,1.426,62.0,0.0,0.0,0.0,0.167,1.15,62.0,0.092,0.152,31.0
Taurean Prince,0.045,0.78,38.4,0.186,0.982,166.4,0.074,0.657,64.0,0.04,0.75,38.4,0.0,0.0,0.0,0.421,0.911,377.6,0.049,0.568,44.8,0.018,1.063,19.2,0.095,0.849,83.2,0.021,0.684,19.2,0.05,0.511,44.8
Terence Davis,0.027,1.538,12.8,0.244,1.129,115.2,0.168,0.675,83.2,0.0,0.0,0.0,0.0,0.0,0.0,0.307,1.123,147.2,0.025,0.583,12.8,0.061,1.345,32.0,0.061,0.931,32.0,0.063,1.2,32.0,0.04,0.526,19.2
Terrance Ferguson,0.0,0.0,0.0,0.209,0.88,50.0,0.0,0.0,0.0,0.042,0.6,10.0,0.0,0.0,0.0,0.502,0.817,120.0,0.075,0.944,20.0,0.046,1.545,10.0,0.059,1.214,15.0,0.0,0.0,0.0,0.0,0.0,0.0
Terrence Ross,0.029,0.654,25.200000000000003,0.129,1.138,113.4,0.22,0.939,195.3,0.0,0.0,0.0,0.0,0.0,0.0,0.175,1.032,157.5,0.094,1.095,81.9,0.031,1.429,25.200000000000003,0.273,1.102,245.7,0.0,0.0,0.0,0.039,0.686,37.8
Terry Rozier,0.074,0.882,81.9,0.194,1.103,220.5,0.269,0.793,308.70000000000005,0.01,1.455,12.600000000000001,0.0,0.0,0.0,0.188,1.106,214.2,0.083,0.863,94.5,0.013,1.267,12.600000000000001,0.094,1.111,107.1,0.024,0.786,25.200000000000003,0.049,0.679,56.7
Thabo Sefolosha,0.0,0.0,0.0,0.173,1.368,21.0,0.0,0.0,0.0,0.091,1.0,8.4,0.0,0.0,0.0,0.5,0.655,54.6,0.0,0.0,0.0,0.0,0.0,0.0,0.0,0.0,0.0,0.0,0.0,0.0,0.091,0.4,8.4
Theo Pinson,0.149,0.759,29.7,0.138,1.259,26.400000000000002,0.328,0.578,62.699999999999996,0.0,0.0,0.0,0.0,0.0,0.0,0.21,0.439,39.6,0.0,0.0,0.0,0.0,0.0,0.0,0.0,0.0,0.0,0.0,0.0,0.0,0.092,0.222,16.5
Thomas Bryant,0.0,0.0,0.0,0.134,1.302,53.199999999999996,0.0,0.0,0.0,0.301,1.235,117.8,0.048,0.474,19.0,0.124,1.184,49.4,0.0,0.0,0.0,0.177,1.4,68.4,0.0,0.0,0.0,0.121,1.313,49.4,0.083,0.152,34.2
Tim Frazier,0.0,0.0,0.0,0.169,1.083,24.3,0.507,0.5,72.9,0.0,0.0,0.0,0.0,0.0,0.0,0.085,1.25,10.8,0.0,0.0,0.0,0.0,0.0,0.0,0.0,0.0,0.0,0.0,0.0,0.0,0.085,0.25,10.8
Tim Hardaway Jr.,0.063,0.828,56.7,0.17,1.051,157.5,0.188,0.971,170.10000000000002,0.023,1.238,18.9,0.0,0.0,0.0,0.292,1.287,270.9,0.056,1.196,50.400000000000006,0.016,1.0,12.600000000000001,0.119,0.844,107.1,0.015,1.571,12.600000000000001,0.048,0.886,44.099999999999994
Timothe Luwawu-Cabarrot,0.0,0.0,0.0,0.201,1.157,52.0,0.079,0.5,20.0,0.0,0.0,0.0,0.0,0.0,0.0,0.417,0.972,104.0,0.047,0.917,12.0,0.071,1.389,20.0,0.055,1.143,16.0,0.039,1.2,12.0,0.063,0.625,16.0
Tobias Harris,0.099,0.85,117.0,0.149,1.143,182.0,0.183,0.83,221.0,0.011,1.462,13.0,0.112,0.971,136.5,0.195,1.118,240.5,0.075,1.033,91.0,0.051,1.484,65.0,0.07,1.0,84.5,0.032,1.103,39.0,0.023,0.821,26.0
Tomas Satoransky,0.038,0.964,26.0,0.161,1.136,117.0,0.32,0.765,234.0,0.0,0.0,0.0,0.0,0.0,0.0,0.25,0.896,182.0,0.06,0.568,45.5,0.044,1.125,32.5,0.025,0.444,19.5,0.029,1.0,19.5,0.057,0.786,39.0
Tony Bradley,0.0,0.0,0.0,0.077,1.267,15.0,0.0,0.0,0.0,0.26,1.353,50.0,0.0,0.0,0.0,0.0,0.0,0.0,0.0,0.0,0.0,0.224,1.295,45.0,0.0,0.0,0.0,0.286,1.214,55.00000000000001,0.128,0.48,25.0
Tony Snell,0.024,1.1,11.8,0.163,1.319,70.8,0.116,0.98,47.2,0.0,0.0,0.0,0.0,0.0,0.0,0.39,1.109,165.2,0.085,1.139,35.4,0.033,1.286,11.8,0.128,0.907,53.1,0.0,0.0,0.0,0.052,0.955,23.6
Torrey Craig,0.0,0.0,0.0,0.23,1.089,55.00000000000001,0.0,0.0,0.0,0.0,0.0,0.0,0.0,0.0,0.0,0.412,1.03,100.0,0.0,0.0,0.0,0.136,1.424,35.0,0.0,0.0,0.0,0.091,1.045,20.0,0.053,0.462,15.0
Trae Young,0.085,0.973,150.0,0.165,1.079,288.0,0.533,0.978,942.0,0.0,0.0,0.0,0.0,0.0,0.0,0.06,1.333,108.0,0.072,0.85,126.0,0.0,0.0,0.0,0.021,0.919,36.0,0.006,0.909,12.0,0.054,0.823,96.0
Tremont Waters,0.0,0.0,0.0,0.0,0.0,0.0,0.405,0.933,14.700000000000001,0.0,0.0,0.0,0.0,0.0,0.0,0.0,0.0,0.0,0.0,0.0,0.0,0.0,0.0,0.0,0.0,0.0,0.0,0.0,0.0,0.0,0.0,0.0,0.0
Treveon Graham,0.0,0.0,0.0,0.156,1.03,33.0,0.052,0.455,9.9,0.0,0.0,0.0,0.0,0.0,0.0,0.443,0.691,92.39999999999999,0.071,0.733,16.5,0.09,1.053,19.8,0.0,0.0,0.0,0.09,1.053,19.8,0.0,0.0,0.0
Trevor Ariza,0.0,0.0,0.0,0.296,1.295,60.9,0.083,0.941,16.8,0.0,0.0,0.0,0.0,0.0,0.0,0.383,1.215,79.8,0.0,0.0,0.0,0.049,0.9,10.5,0.068,0.929,12.8,0.058,1.333,12.8,0.068,0.214,12.8
Trey Burke,0.069,1.4,10.0,0.104,0.533,15.0,0.424,0.82,60.0,0.0,0.0,0.0,0.0,0.0,0.0,0.194,1.536,27.500000000000004,0.083,1.083,12.5,0.0,0.0,0.0,0.0,0.0,0.0,0.0,0.0,0.0,0.0,0.0,0.0
Trey Lyles,0.0,0.0,0.0,0.12,1.313,50.400000000000006,0.0,0.0,0.0,0.093,0.784,37.8,0.0,0.0,0.0,0.525,1.033,207.89999999999998,0.0,0.0,0.0,0.068,1.074,25.200000000000003,0.0,0.0,0.0,0.098,0.846,37.8,0.035,0.143,12.600000000000001
Tristan Thompson,0.085,0.889,62.7,0.065,1.417,45.6,0.0,0.0,0.0,0.202,0.913,148.20000000000002,0.112,0.747,85.5,0.081,0.7,62.7,0.0,0.0,0.0,0.188,1.1,142.5,0.0,0.0,0.0,0.19,0.993,142.5,0.075,0.411,57.0
Troy Brown Jr.,0.035,0.682,24.400000000000002,0.239,1.014,146.4,0.195,0.769,122.0,0.0,0.0,0.0,0.0,0.0,0.0,0.252,1.09,158.6,0.047,0.931,30.5,0.079,1.306,48.800000000000004,0.029,0.444,18.3,0.048,1.167,30.5,0.066,0.488,42.699999999999996
Troy Daniels,0.0,0.0,0.0,0.183,0.774,32.800000000000004,0.095,0.875,16.400000000000002,0.0,0.0,0.0,0.0,0.0,0.0,0.331,1.321,57.4,0.089,1.067,16.400000000000002,0.0,0.0,0.0,0.16,0.593,28.7,0.0,0.0,0.0,0.0,0.0,0.0
Ty Jerome,0.0,0.0,0.0,0.123,0.75,16.8,0.346,0.644,44.800000000000004,0.0,0.0,0.0,0.0,0.0,0.0,0.331,0.767,42.0,0.0,0.0,0.0,0.0,0.0,0.0,0.0,0.0,0.0,0.0,0.0,0.0,0.0,0.0,0.0
Tyler Herro,0.036,0.696,23.5,0.116,1.095,75.2,0.308,0.673,197.4,0.0,0.0,0.0,0.0,0.0,0.0,0.175,1.27,112.8,0.154,0.959,98.7,0.036,0.957,23.5,0.097,1.145,61.1,0.0,0.0,0.0,0.049,0.71,32.9
Tyler Johnson,0.0,0.0,0.0,0.18,0.711,37.199999999999996,0.166,0.829,34.1,0.0,0.0,0.0,0.0,0.0,0.0,0.36,0.803,77.5,0.085,1.111,18.599999999999998,0.066,1.286,15.5,0.057,0.75,12.4,0.0,0.0,0.0,0.0,0.0,0.0
Tyrone Wallace,0.0,0.0,0.0,0.21,1.385,12.6,0.29,0.444,18.2,0.0,0.0,0.0,0.0,0.0,0.0,0.323,0.2,19.599999999999998,0.0,0.0,0.0,0.0,0.0,0.0,0.0,0.0,0.0,0.0,0.0,0.0,0.0,0.0,0.0
Tyus Jones,0.041,0.476,19.5,0.21,1.103,104.0,0.401,0.917,201.5,0.0,0.0,0.0,0.0,0.0,0.0,0.151,0.909,78.0,0.104,0.887,52.0,0.0,0.0,0.0,0.022,1.727,13.0,0.0,0.0,0.0,0.045,0.478,26.0
Victor Oladipo,0.063,0.462,13.0,0.173,1.083,36.4,0.433,0.889,89.7,0.0,0.0,0.0,0.0,0.0,0.0,0.125,0.654,26.0,0.091,1.0,19.5,0.0,0.0,0.0,0.0,0.0,0.0,0.0,0.0,0.0,0.053,1.182,10.4
Vince Carter,0.029,1.1,12.0,0.089,1.0,30.0,0.077,0.593,30.0,0.089,1.129,30.0,0.083,1.034,30.0,0.443,0.729,156.0,0.046,1.063,18.0,0.0,0.0,0.0,0.046,1.0,18.0,0.029,1.2,12.0,0.054,0.526,18.0
Wayne Ellington,0.0,0.0,0.0,0.133,1.385,25.2,0.061,1.0,10.799999999999999,0.0,0.0,0.0,0.0,0.0,0.0,0.23,0.933,46.800000000000004,0.184,0.833,36.0,0.0,0.0,0.0,0.301,0.78,57.6,0.0,0.0,0.0,0.0,0.0,0.0
Wendell Carter Jr.,0.0,0.0,0.0,0.094,1.196,47.300000000000004,0.0,0.0,0.0,0.232,1.035,111.8,0.105,0.882,51.6,0.088,0.837,43.0,0.0,0.0,0.0,0.205,1.14,98.89999999999999,0.0,0.0,0.0,0.17,1.157,81.7,0.088,0.349,43.0
Wes Iwundu,0.0,0.0,0.0,0.252,1.129,62.99999999999999,0.167,0.902,40.5,0.0,0.0,0.0,0.0,0.0,0.0,0.268,0.909,67.5,0.069,1.0,18.0,0.098,1.0,22.5,0.0,0.0,0.0,0.069,0.765,18.0,0.041,0.6,9.0
Wesley Matthews,0.028,0.692,12.4,0.239,1.009,111.60000000000001,0.08,0.838,37.199999999999996,0.0,0.0,0.0,0.024,0.818,12.4,0.28,1.146,130.20000000000002,0.129,0.85,62.0,0.06,1.143,31.0,0.099,1.043,43.4,0.0,0.0,0.0,0.041,0.263,18.599999999999998
Will Barton,0.064,0.807,58.0,0.218,0.984,191.39999999999998,0.295,0.816,261.0,0.0,0.0,0.0,0.0,0.0,0.0,0.183,1.216,162.39999999999998,0.067,0.966,58.0,0.052,1.696,46.400000000000006,0.012,0.818,11.600000000000001,0.062,0.964,52.2,0.042,0.703,34.8
Willie Cauley-Stein,0.063,0.3,20.5,0.085,1.667,28.7,0.0,0.0,0.0,0.201,1.141,65.60000000000001,0.104,0.818,32.800000000000004,0.066,0.524,20.5,0.0,0.0,0.0,0.292,1.215,94.3,0.0,0.0,0.0,0.101,1.125,32.800000000000004,0.079,0.4,24.599999999999998
Willy Hernangomez,0.0,0.0,0.0,0.0,0.0,0.0,0.0,0.0,0.0,0.197,1.0,40.300000000000004,0.167,0.818,34.1,0.111,0.773,21.7,0.0,0.0,0.0,0.212,1.167,43.4,0.0,0.0,0.0,0.146,1.31,27.900000000000002,0.116,0.435,21.7
Wilson Chandler,0.0,0.0,0.0,0.123,1.143,28.0,0.066,1.467,14.0,0.115,1.038,24.5,0.0,0.0,0.0,0.463,0.857,105.0,0.0,0.0,0.0,0.0,0.0,0.0,0.057,0.692,14.0,0.0,0.0,0.0,0.057,0.077,14.0
Yogi Ferrell,0.052,0.727,13.2,0.157,0.667,35.2,0.448,0.84,92.4,0.0,0.0,0.0,0.0,0.0,0.0,0.186,1.077,39.6,0.052,1.273,13.2,0.0,0.0,0.0,0.0,0.0,0.0,0.0,0.0,0.0,0.057,0.75,13.2
Zach LaVine,0.114,0.914,174.0,0.149,1.183,228.0,0.372,0.89,576.0,0.0,0.0,0.0,0.007,0.545,12.0,0.108,0.946,168.0,0.088,0.963,138.0,0.044,1.412,66.0,0.058,0.978,90.0,0.014,1.048,24.0,0.042,0.846,66.0
Zion Williamson,0.048,0.75,20.900000000000002,0.184,1.197,76.0,0.0,0.0,0.0,0.094,1.205,39.9,0.215,0.978,89.3,0.097,0.75,39.9,0.0,0.0,0.0,0.167,1.362,68.4,0.0,0.0,0.0,0.116,1.146,47.5,0.036,0.733,15.200000000000001
