PLAYER_NAME,total_poss,iso_ppp,iso_poss,tr_ppp,tr_poss,prb_ppp,prb_poss,prr_ppp,prr_poss,pu_ppp,pu_poss,su_ppp,su_poss,ho_ppp,ho_poss,cut_ppp,cut_poss,os_ppp,os_poss,putback_ppp,putback_poss,misc_ppp,misc_poss
Aaron Brooks,565.8000000000001,0.78,41.4,0.95,62.1,0.82,324.3,0.0,0.0,0.0,0.0,1.113,69.0,0.923,41.4,0.0,0.0,0.0,0.0,0.0,0.0,0.379,27.6
Aaron Gordon,725.4,0.6,31.200000000000003,1.079,124.80000000000001,1.0,39.0,1.0,54.599999999999994,0.71,31.200000000000003,0.85,179.39999999999998,0.667,15.600000000000001,1.292,85.80000000000001,0.0,0.0,1.292,109.19999999999999,0.642,54.599999999999994
Al Horford,1213.6000000000001,0.725,41.0,1.246,123.0,0.0,0.0,1.13,303.40000000000003,0.888,172.20000000000002,0.929,278.8,0.0,0.0,1.185,131.20000000000002,0.884,41.0,1.284,65.60000000000001,0.491,57.4
Al Jefferson,568.7,0.0,0.0,1.364,9.4,0.0,0.0,1.081,98.7,0.882,305.5,1.0,28.2,0.0,0.0,1.16,79.89999999999999,0.0,0.0,0.824,32.9,0.4,14.1
Al-Farouq Aminu,893.8000000000001,0.324,32.800000000000004,0.894,164.0,0.684,73.8,1.0,32.800000000000004,0.421,16.400000000000002,1.027,336.2,0.889,57.4,1.413,49.199999999999996,0.867,41.0,1.135,49.199999999999996,0.675,41.0
Alan Anderson,45.5,0.818,10.4,1.0,11.700000000000001,0.0,0.0,0.0,0.0,0.0,0.0,1.333,23.400000000000002,0.0,0.0,0.0,0.0,0.0,0.0,0.0,0.0,0.0,0.0
Alec Burks,424.70000000000005,0.769,52.699999999999996,1.087,68.2,0.821,139.5,0.0,0.0,0.0,0.0,1.095,96.10000000000001,0.882,34.1,1.0,15.5,0.0,0.0,0.0,0.0,0.9,18.599999999999998
Alex Len,865.8,0.273,23.4,0.897,39.0,0.0,0.0,0.869,101.4,0.686,257.4,0.671,78.0,0.0,0.0,1.163,171.60000000000002,0.75,15.600000000000001,0.946,109.19999999999999,0.315,70.2
Alex Stepheson,15.2,0.0,0.0,0.0,0.0,0.0,0.0,0.0,0.0,0.0,0.0,0.0,0.0,0.0,0.0,0.0,0.0,0.0,0.0,0.8,15.2,0.0,0.0
Alexis Ajinca,383.5,0.0,0.0,1.0,17.7,0.0,0.0,0.945,106.2,0.684,35.4,0.75,59.0,0.0,0.0,1.088,70.8,1.0,17.7,1.116,41.3,0.353,35.4
Allen Crabbe,761.4,0.0,0.0,1.193,137.7,0.75,72.9,1.12,24.3,0.0,0.0,1.192,251.1,0.765,81.0,1.471,32.4,0.93,129.6,2.0,8.1,0.5,24.3
Alonzo Gee,313.9,0.0,0.0,1.19,102.19999999999999,0.7,7.300000000000001,0.0,0.0,0.0,0.0,0.811,109.5,0.0,0.0,1.209,43.8,0.0,0.0,1.034,29.200000000000003,0.348,21.9
Amar'e Stoudemire,286.00000000000006,0.0,0.0,0.833,10.4,0.0,0.0,1.296,83.2,0.789,57.2,0.909,10.4,0.0,0.0,1.207,57.2,0.727,10.4,1.071,41.6,0.167,15.6
Amir Johnson,568.8,1.111,15.8,1.323,63.2,0.0,0.0,1.122,86.9,0.857,63.2,0.63,55.3,0.0,0.0,1.387,110.6,0.0,0.0,1.09,102.7,0.233,71.10000000000001
Anderson Varejao,99.2,0.0,0.0,0.0,0.0,0.0,0.0,0.889,18.599999999999998,0.1,9.299999999999999,0.727,21.7,0.0,0.0,1.125,24.8,0.0,0.0,0.727,12.4,0.636,12.4
Andre Drummond,1482.3,0.623,56.699999999999996,1.0,89.10000000000001,0.0,0.0,1.103,194.4,0.726,405.0,0.636,24.3,0.0,0.0,1.137,186.29999999999998,0.0,0.0,1.079,340.2,0.459,186.29999999999998
Andre Iguodala,481.0,0.947,39.0,1.13,117.0,0.486,39.0,0.0,0.0,0.571,13.0,1.023,130.0,1.455,13.0,1.128,39.0,1.038,26.0,1.063,13.0,0.481,52.0
Andre Miller,65.0,0.0,0.0,0.0,0.0,0.875,31.2,0.0,0.0,0.0,0.0,0.5,10.4,0.0,0.0,1.455,10.4,0.0,0.0,0.0,0.0,0.0,13.0
Andre Roberson,329.0,0.0,0.0,1.157,91.0,0.0,0.0,0.0,0.0,0.0,0.0,0.832,112.0,0.0,0.0,1.267,63.0,0.0,0.0,1.098,42.0,0.636,21.0
Andrea Bargnani,322.00000000000006,0.588,18.400000000000002,1.333,13.799999999999999,0.0,0.0,0.954,105.8,1.0,13.799999999999999,0.894,92.0,0.0,0.0,1.321,27.599999999999998,0.875,13.799999999999999,0.81,23.0,0.429,13.799999999999999
Andrew Bogut,371.0,0.0,0.0,1.316,21.0,0.0,0.0,0.892,35.0,0.56,28.0,0.0,0.0,0.0,0.0,1.421,140.0,0.0,0.0,1.014,70.0,0.23,77.0
Andrew Nicholson,375.2,0.0,0.0,1.179,28.0,0.0,0.0,0.845,72.8,0.943,123.20000000000002,1.106,84.0,0.0,0.0,1.158,16.8,1.5,11.200000000000001,1.211,16.8,0.524,22.400000000000002
Andrew Wiggins,1733.4,0.853,178.20000000000002,1.177,202.5,0.847,324.0,1.041,48.6,1.0,210.6,0.953,170.1,1.0,113.39999999999999,1.305,97.2,0.825,251.1,1.091,81.0,0.86,56.699999999999996
Anthony Brown,127.6,0.0,0.0,0.714,29.0,0.5,8.7,0.0,0.0,0.0,0.0,0.857,63.800000000000004,1.273,11.600000000000001,0.0,0.0,0.571,14.5,0.0,0.0,0.0,0.0
Anthony Davis,1421.3,0.677,122.0,1.357,115.89999999999999,0.0,0.0,1.06,353.8,0.782,262.3,0.952,183.0,1.5,12.200000000000001,1.355,109.8,1.054,91.5,1.337,91.5,0.759,79.3
Anthony Morrow,353.6,1.5,20.4,1.0,61.2,0.75,13.600000000000001,0.0,0.0,0.0,0.0,1.048,170.0,0.739,20.4,1.182,13.600000000000001,1.071,40.8,0.0,0.0,0.688,13.600000000000001
Anthony Tolliver,367.19999999999993,0.0,0.0,0.981,57.6,0.0,0.0,1.073,43.199999999999996,0.0,0.0,1.053,208.79999999999998,0.0,0.0,1.667,14.4,0.839,28.8,0.0,0.0,0.125,14.4
Archie Goodwin,598.4999999999999,0.88,51.300000000000004,1.086,125.4,0.622,153.9,0.0,0.0,0.0,0.0,0.884,119.7,0.774,28.5,1.029,34.199999999999996,0.636,11.4,1.1,22.8,0.46,51.300000000000004
Aron Baynes,510.3,0.0,0.0,1.286,24.3,0.0,0.0,1.11,121.5,0.914,89.10000000000001,0.542,24.3,0.0,0.0,1.278,97.2,0.0,0.0,0.845,97.2,0.61,56.699999999999996
Arron Afflalo,923.0,1.037,85.2,1.033,120.7,0.733,78.10000000000001,0.0,0.0,1.025,156.20000000000002,1.028,220.1,0.754,63.9,1.452,28.400000000000002,0.95,142.0,0.0,0.0,0.667,28.400000000000002
Austin Rivers,609.7,0.811,87.10000000000001,1.132,93.8,0.852,207.70000000000002,0.0,0.0,0.0,0.0,1.016,120.60000000000001,0.738,40.199999999999996,1.3,26.8,1.438,13.4,0.0,0.0,0.368,20.099999999999998
Avery Bradley,1185.6,0.696,45.6,1.131,235.6,0.75,159.6,0.0,0.0,0.0,0.0,1.067,243.20000000000002,0.828,205.20000000000002,1.5,53.199999999999996,0.908,174.79999999999998,1.364,22.8,0.826,45.6
Axel Toupane,75.6,0.0,0.0,1.429,14.7,0.0,0.0,0.0,0.0,0.0,0.0,0.854,48.3,0.0,0.0,1.083,12.6,0.0,0.0,0.0,0.0,0.0,0.0
Ben McLemore,598.4,0.852,27.200000000000003,1.089,156.39999999999998,0.469,47.599999999999994,0.0,0.0,0.0,0.0,0.843,163.2,1.053,40.8,1.028,34.0,0.837,81.6,1.0,13.600000000000001,0.394,34.0
Beno Udrih,180.0,0.0,0.0,0.636,21.599999999999998,0.84,82.8,0.0,0.0,0.0,0.0,1.057,36.0,0.63,28.8,0.0,0.0,0.0,0.0,0.0,0.0,0.167,10.799999999999999
Bismack Biyombo,459.20000000000005,0.0,0.0,1.563,16.400000000000002,0.0,0.0,1.178,90.2,0.706,16.400000000000002,0.0,0.0,0.0,0.0,1.075,155.79999999999998,0.0,0.0,0.896,106.60000000000001,0.583,73.8
Blake Griffin,777.0,1.055,73.5,1.291,87.5,1.182,45.5,0.883,164.5,0.842,164.5,0.767,101.5,0.0,0.0,1.619,42.0,0.857,21.0,1.107,28.0,0.521,49.0
Bobby Portis,510.3,0.523,44.099999999999994,1.06,50.400000000000006,0.0,0.0,0.964,81.9,0.776,81.9,0.76,100.80000000000001,0.0,0.0,1.226,31.5,0.0,0.0,0.942,88.19999999999999,0.469,31.5
Bojan Bogdanovic,908.5,0.75,71.10000000000001,1.279,173.8,0.761,110.6,0.0,0.0,0.712,63.2,1.017,284.40000000000003,0.818,23.7,1.0,47.4,0.822,86.9,1.235,15.8,0.647,31.6
Boris Diaw,501.6,1.0,22.8,1.032,30.400000000000002,0.0,0.0,0.845,60.800000000000004,1.046,197.6,0.961,98.8,0.0,0.0,1.098,38.0,0.0,0.0,0.947,22.8,0.31,30.400000000000002
Bradley Beal,968.0,1.017,60.50000000000001,1.182,170.5,0.812,286.0,0.0,0.0,0.0,0.0,1.14,126.49999999999999,0.843,71.5,1.455,33.0,0.905,148.5,0.786,16.5,0.741,55.0
Brandan Wright,38.4,0.0,0.0,0.0,0.0,0.0,0.0,1.042,24.0,0.0,0.0,0.0,0.0,0.0,0.0,1.429,14.399999999999999,0.0,0.0,0.0,0.0,0.0,0.0
Brandon Bass,422.4,0.536,26.400000000000002,1.404,52.800000000000004,0.0,0.0,1.145,118.8,1.082,46.199999999999996,0.619,19.8,0.0,0.0,1.474,79.2,0.0,0.0,0.943,52.800000000000004,0.667,26.400000000000002
Brandon Jennings,204.2,0.556,17.5,1.133,46.0,0.754,64.39999999999999,0.0,0.0,0.0,0.0,1.14,50.0,0.857,13.799999999999999,0.0,0.0,0.0,0.0,0.0,0.0,1.0,12.5
Brandon Knight,1138.8000000000002,0.882,119.6,1.224,145.6,0.736,488.8,0.0,0.0,0.0,0.0,1.087,161.20000000000002,0.8,83.2,1.222,26.0,0.81,57.2,0.833,10.4,0.578,46.800000000000004
Brandon Rush,299.3,0.0,0.0,1.203,80.30000000000001,1.167,14.600000000000001,0.0,0.0,0.0,0.0,0.977,131.4,0.0,0.0,0.857,21.9,1.083,21.9,0.4,7.300000000000001,0.789,21.9
Brian Roberts,120.0,0.643,15.0,1.182,12.0,1.045,66.0,0.0,0.0,0.0,0.0,0.769,27.0,0.0,0.0,0.0,0.0,0.0,0.0,0.0,0.0,0.0,0.0
Briante Weber,24.0,0.0,0.0,0.0,0.0,0.583,24.0,0.0,0.0,0.0,0.0,0.0,0.0,0.0,0.0,0.0,0.0,0.0,0.0,0.0,0.0,0.0,0.0
Brook Lopez,1518.4,0.929,102.19999999999999,1.145,58.400000000000006,0.0,0.0,0.987,321.20000000000005,0.951,445.29999999999995,0.805,131.4,0.909,14.600000000000001,1.33,204.39999999999998,0.737,21.9,1.094,146.0,0.493,73.0
Bryce Dejean-Jones,50.400000000000006,0.0,0.0,0.625,15.400000000000002,2.0,12.6,0.0,0.0,0.0,0.0,0.522,22.400000000000002,0.0,0.0,0.0,0.0,0.0,0.0,0.0,0.0,0.0,0.0
C.J. Watson,151.79999999999998,0.8,9.9,0.897,39.6,0.717,46.199999999999996,0.0,0.0,0.0,0.0,1.231,39.6,0.0,0.0,0.0,0.0,0.0,0.0,0.0,0.0,0.25,16.5
CJ McCollum,1712.0,0.867,192.0,1.049,224.0,0.924,640.0,0.0,0.0,0.0,0.0,1.102,256.0,0.903,136.0,1.211,40.0,0.934,136.0,1.095,24.0,0.746,64.0
CJ Miles,748.8000000000001,1.05,19.2,1.181,153.6,0.704,51.2,0.842,19.2,0.0,0.0,1.059,224.0,0.925,83.2,0.0,0.0,1.014,140.8,1.056,19.2,0.368,38.4
Cameron Payne,324.9,0.727,11.4,1.0,45.6,0.901,153.9,0.0,0.0,0.0,0.0,0.916,85.5,0.364,11.4,0.0,0.0,0.0,0.0,0.0,0.0,0.25,17.099999999999998
Carl Landry,302.40000000000003,0.588,18.0,1.353,18.0,0.0,0.0,1.13,54.0,1.078,64.8,1.058,50.4,0.0,0.0,1.25,46.800000000000004,0.0,0.0,1.342,39.6,0.545,10.799999999999999
Carmelo Anthony,1656.0,0.952,396.0,0.933,136.79999999999998,0.803,216.0,0.966,28.8,0.921,367.2,1.0,187.20000000000002,0.977,43.199999999999996,1.154,50.4,1.076,64.8,1.159,72.0,0.674,93.60000000000001
Caron Butler,40.8,0.0,0.0,1.091,10.2,0.0,0.0,0.0,0.0,0.0,0.0,0.933,30.6,0.0,0.0,0.0,0.0,0.0,0.0,0.0,0.0,0.0,0.0
Chandler Parsons,805.2000000000002,0.984,61.0,1.304,122.0,0.887,152.5,0.9,12.200000000000001,0.84,24.400000000000002,1.229,225.70000000000002,0.675,42.699999999999996,1.378,42.699999999999996,0.822,73.2,0.462,12.200000000000001,0.389,36.6
Channing Frye,241.2,0.0,0.0,1.563,17.6,0.0,0.0,1.152,44.0,1.176,18.2,1.178,91.0,0.0,0.0,1.75,13.2,0.545,22.0,0.833,13.2,0.55,22.0
Charlie Villanueva,353.40000000000003,0.0,0.0,1.067,43.4,0.0,0.0,1.075,37.199999999999996,0.783,24.8,0.755,136.4,1.0,12.4,1.467,12.4,0.679,55.800000000000004,1.056,18.599999999999998,0.25,12.4
Chase Budinger,235.6,0.0,0.0,1.146,49.0,0.952,19.6,0.0,0.0,0.0,0.0,0.742,63.7,0.909,9.8,1.0,24.5,0.692,39.2,1.143,19.6,0.2,10.2
Chris Andersen,78.0,0.0,0.0,0.0,0.0,0.0,0.0,0.95,20.0,0.0,0.0,1.091,12.0,0.0,0.0,1.412,18.0,0.0,0.0,1.0,18.0,0.7,10.0
Chris Bosh,954.0000000000001,1.116,127.19999999999999,1.023,42.400000000000006,0.909,10.600000000000001,1.106,233.20000000000002,0.843,84.80000000000001,0.931,259.70000000000005,1.25,10.600000000000001,1.477,42.400000000000006,1.181,74.19999999999999,1.207,26.5,0.689,42.400000000000006
Chris Johnson,231.0,0.0,0.0,1.079,35.0,0.611,21.0,0.0,0.0,0.0,0.0,0.642,119.0,0.828,28.0,1.385,14.0,0.0,0.0,0.0,0.0,0.647,14.0
Chris McCullough,115.0,0.0,0.0,0.778,17.5,0.0,0.0,0.931,30.0,0.0,0.0,0.857,42.5,0.0,0.0,1.0,12.5,0.0,0.0,0.769,12.5,0.0,0.0
Chris Paul,1440.0,0.914,217.5,1.145,187.5,0.941,750.0,0.0,0.0,1.2,22.5,1.156,90.0,0.957,45.0,0.0,0.0,0.538,15.0,1.571,15.0,0.819,97.5
Clint Capela,531.3000000000001,0.0,0.0,1.0,69.3,0.0,0.0,1.168,100.10000000000001,0.583,23.099999999999998,0.0,0.0,0.0,0.0,1.069,161.70000000000002,0.0,0.0,1.039,130.9,0.469,46.199999999999996
Cody Zeller,598.6,0.583,14.600000000000001,1.294,65.7,0.0,0.0,1.217,175.2,0.938,14.600000000000001,0.549,73.0,0.0,0.0,1.208,116.80000000000001,0.957,21.9,1.27,65.7,0.434,51.099999999999994
Cole Aldrich,330.0,0.0,0.0,1.071,12.0,0.0,0.0,1.148,144.0,0.571,24.0,0.0,0.0,0.0,0.0,1.101,66.0,0.0,0.0,1.087,48.0,0.294,36.0
Corey Brewer,688.8,0.857,16.400000000000002,1.096,229.6,0.5,32.800000000000004,0.0,0.0,0.0,0.0,0.792,229.6,0.696,49.199999999999996,1.0,32.800000000000004,0.444,41.0,0.75,16.400000000000002,0.619,41.0
Cory Joseph,752.0,0.826,88.0,1.306,72.0,0.879,352.0,0.0,0.0,0.0,0.0,0.857,144.0,0.826,24.0,0.0,0.0,1.0,16.0,0.0,0.0,0.308,56.0
Courtney Lee,489.59999999999997,0.7,20.400000000000002,1.324,76.5,0.636,76.5,0.0,0.0,0.0,0.0,0.98,147.9,1.05,20.400000000000002,1.636,20.400000000000002,0.911,91.8,0.727,10.200000000000001,0.857,25.5
Cristiano Felicio,80.6,0.0,0.0,0.0,0.0,0.0,0.0,1.294,34.1,0.0,0.0,0.933,15.5,0.0,0.0,1.294,15.5,0.0,0.0,0.938,15.5,0.0,0.0
D'Angelo Russell,1240.0,1.082,72.0,0.949,192.0,0.715,472.0,0.0,0.0,0.934,80.0,0.995,192.0,0.875,56.0,1.396,48.0,0.806,40.0,0.68,24.0,0.452,64.0
D.J. Augustin,316.4,0.762,22.400000000000002,1.356,44.800000000000004,0.904,156.79999999999998,0.0,0.0,0.0,0.0,1.043,47.599999999999994,0.905,22.400000000000002,0.0,0.0,0.0,0.0,0.0,0.0,1.0,22.400000000000002
Damian Lillard,1897.5,1.012,330.0,0.91,202.5,0.921,817.5,0.0,0.0,0.0,0.0,1.23,150.0,0.944,127.5,1.203,60.0,1.0,105.0,1.167,15.0,0.731,90.0
Danilo Gallinari,969.9,0.847,185.5,1.542,95.4,0.81,116.60000000000001,1.256,37.099999999999994,1.11,79.5,0.961,206.7,1.109,63.599999999999994,1.423,53.0,1.152,47.7,1.059,31.799999999999997,0.922,53.0
Danny Green,663.6000000000001,0.5,15.8,0.978,134.29999999999998,0.552,31.6,0.0,0.0,0.0,0.0,0.954,284.40000000000003,0.485,31.6,1.25,31.6,0.797,71.10000000000001,1.1,23.7,0.333,39.5
Dante Cunningham,488.0,0.0,0.0,1.323,96.0,0.579,16.0,1.318,24.0,0.0,0.0,0.912,216.0,0.643,16.0,1.14,56.0,1.455,8.0,0.591,24.0,0.241,32.0
Darrell Arthur,574.0,0.286,14.0,1.063,49.0,0.0,0.0,0.925,119.0,0.957,49.0,1.011,175.0,0.0,0.0,0.941,70.0,1.6,14.0,0.911,42.0,0.222,42.0
Darren Collison,991.6,0.901,111.0,1.187,303.4,0.937,251.6,0.0,0.0,0.0,0.0,1.093,185.0,1.088,37.0,0.875,29.6,0.0,0.0,1.0,7.4,0.761,66.60000000000001
Darrun Hilliard,144.4,0.0,0.0,1.227,22.8,0.64,49.4,0.0,0.0,0.0,0.0,1.109,45.6,1.1,11.4,1.067,15.200000000000001,0.0,0.0,0.0,0.0,0.0,0.0
David Lee,264.5,0.429,15.0,1.368,20.0,0.0,0.0,0.892,66.0,0.787,48.0,0.667,18.0,0.0,0.0,1.383,47.5,0.0,0.0,1.088,35.0,0.5,15.0
David West,538.1999999999999,0.684,15.600000000000001,0.897,39.0,0.0,0.0,0.896,109.19999999999999,1.078,117.0,1.051,101.4,0.0,0.0,1.185,78.0,1.727,7.800000000000001,1.485,31.200000000000003,0.256,39.0
DeAndre Jordan,877.8,0.0,0.0,1.194,69.3,0.0,0.0,1.403,184.79999999999998,0.781,61.6,0.0,0.0,0.0,0.0,1.481,184.79999999999998,0.0,0.0,0.961,154.0,0.659,223.29999999999998
DeMar DeRozan,1840.8,0.919,296.4,1.221,148.2,0.992,592.8,0.0,0.0,0.852,156.0,0.995,195.0,0.987,78.0,1.552,31.200000000000003,0.839,249.60000000000002,1.091,23.4,1.058,70.2
DeMarcus Cousins,1865.5,0.684,208.0,1.034,234.0,1.0,19.5,0.982,279.5,0.959,364.0,0.909,305.5,0.766,45.5,1.214,97.5,0.745,45.5,1.115,130.0,0.689,136.5
DeMarre Carroll,317.2,0.632,18.2,1.014,70.2,0.667,31.2,0.0,0.0,0.0,0.0,1.105,104.0,0.636,10.4,0.846,26.0,0.462,26.0,1.0,13.0,0.556,18.2
Dennis Schroder,1048.0,0.958,72.0,0.96,104.0,0.71,568.0,0.0,0.0,0.0,0.0,1.078,128.0,1.156,64.0,1.0,16.0,1.085,48.0,0.0,0.0,0.478,48.0
Deron Williams,1001.0,0.875,110.5,0.953,104.0,0.718,279.5,0.0,0.0,0.862,84.5,1.077,169.0,0.847,58.5,1.222,19.5,1.009,117.0,0.0,0.0,0.738,58.5
Derrick Favors,1004.4,0.885,24.8,1.054,37.199999999999996,0.0,0.0,1.106,223.20000000000002,0.857,229.4,0.642,111.60000000000001,0.0,0.0,1.259,229.4,0.0,0.0,1.307,86.8,0.344,62.0
Derrick Rose,1293.6000000000001,0.817,125.39999999999999,0.852,191.4,0.842,561.0,0.0,0.0,0.0,0.0,0.94,217.79999999999998,0.652,46.199999999999996,0.733,46.199999999999996,0.882,19.8,0.75,26.400000000000002,0.614,59.4
Derrick Williams,760.0,0.938,80.0,1.052,152.0,0.737,40.0,1.018,56.0,0.93,72.0,0.923,160.0,0.9,24.0,1.346,80.0,0.919,40.0,1.286,32.0,0.739,24.0
Devin Booker,1140.0000000000002,0.814,68.4,1.166,212.79999999999998,0.799,304.0,0.0,0.0,1.108,38.0,0.899,129.2,0.683,83.60000000000001,1.37,45.6,0.954,152.0,1.417,15.200000000000001,0.522,91.2
Devin Harris,492.80000000000007,0.778,19.2,1.133,102.4,0.793,108.8,0.0,0.0,0.0,0.0,1.021,140.8,0.958,25.6,1.552,32.0,1.059,19.2,0.0,0.0,0.6,44.8
Dewayne Dedmon,226.2,0.0,0.0,1.55,17.4,0.0,0.0,1.379,63.800000000000004,1.067,17.4,0.0,0.0,0.0,0.0,0.983,58.0,0.0,0.0,0.978,46.400000000000006,0.308,23.200000000000003
Dion Waiters,873.6,0.772,132.6,0.854,171.60000000000002,0.689,226.2,0.0,0.0,0.0,0.0,1.041,218.39999999999998,0.906,31.200000000000003,0.0,0.0,0.889,62.400000000000006,1.0,7.800000000000001,0.455,23.4
Dirk Nowitzki,1312.5,1.066,60.0,1.344,60.0,0.0,0.0,1.033,247.5,1.021,390.0,0.938,292.5,0.8,7.5,1.548,45.0,0.965,112.5,1.086,37.5,0.85,60.0
Donald Sloan,463.6,1.0,30.5,1.083,85.39999999999999,0.752,158.6,0.0,0.0,0.0,0.0,1.031,97.60000000000001,0.846,24.400000000000002,0.974,36.6,0.0,0.0,0.0,0.0,0.424,30.5
Donatas Motiejunas,266.4,0.0,0.0,0.962,25.9,0.0,0.0,0.88,51.8,0.867,59.2,0.793,59.2,0.0,0.0,0.889,37.0,0.0,0.0,0.882,18.5,0.375,14.8
Doug McDermott,712.8,0.0,0.0,1.042,121.5,1.192,24.3,0.0,0.0,0.905,24.3,1.167,202.5,0.97,97.2,1.365,72.9,0.805,113.39999999999999,1.0,32.4,0.625,24.3
Draymond Green,1231.1999999999998,0.902,64.8,0.881,226.79999999999998,0.852,64.8,1.019,153.9,0.67,105.3,1.013,243.0,1.25,16.2,1.373,121.5,1.107,24.3,0.965,89.10000000000001,0.423,121.5
Drew Gooden,96.0,0.0,0.0,0.727,12.0,0.0,0.0,0.469,33.0,0.0,0.0,0.594,33.0,0.0,0.0,0.0,0.0,0.0,0.0,1.176,18.0,0.0,0.0
Dwight Howard,965.6,0.0,0.0,1.115,63.9,0.0,0.0,1.099,92.3,0.822,298.2,0.0,0.0,0.0,0.0,1.384,213.0,0.0,0.0,1.146,142.0,0.529,156.20000000000002
Dwight Powell,400.19999999999993,0.0,0.0,1.346,27.6,0.0,0.0,0.936,96.6,0.0,0.0,0.621,55.2,0.0,0.0,1.426,110.4,0.5,41.4,0.892,34.5,0.75,34.5
Dwyane Wade,1561.4,0.715,170.2,1.045,199.8,0.846,547.6,0.0,0.0,0.855,162.8,0.974,111.0,0.783,66.60000000000001,1.038,81.4,1.011,88.8,1.22,59.2,0.781,74.0
E'Twaun Moore,448.4000000000001,0.733,17.7,0.94,82.6,0.796,112.1,0.0,0.0,0.727,11.8,1.143,123.9,1.023,41.3,1.545,23.6,0.0,0.0,1.0,11.8,0.636,23.6
Ed Davis,469.8,0.0,0.0,1.0,16.2,0.0,0.0,1.042,121.5,1.0,24.3,0.0,0.0,0.0,0.0,1.192,129.6,0.0,0.0,1.212,137.7,0.591,40.5
Elfrid Payton,985.5000000000001,0.857,73.0,0.98,153.3,0.678,343.1,0.0,0.0,0.0,0.0,0.785,175.2,0.75,58.400000000000006,0.981,51.099999999999994,0.368,21.9,1.275,36.5,0.589,73.0
Elton Brand,62.9,0.0,0.0,0.0,0.0,0.0,0.0,0.565,23.799999999999997,0.0,0.0,0.769,13.600000000000001,0.0,0.0,0.923,25.5,0.0,0.0,0.0,0.0,0.0,0.0
Emmanuel Mudiay,1224.0000000000002,0.543,81.6,0.817,183.60000000000002,0.641,523.6,0.0,0.0,0.441,34.0,0.78,183.60000000000002,0.931,61.2,1.086,34.0,1.093,40.8,0.765,20.4,0.552,61.2
Enes Kanter,934.8,0.714,16.400000000000002,1.361,82.0,0.0,0.0,1.095,188.6,0.888,180.4,1.167,49.199999999999996,0.0,0.0,1.287,155.79999999999998,0.0,0.0,1.196,205.0,0.639,57.4
Eric Bledsoe,668.8000000000001,0.798,89.6,1.087,128.0,0.973,259.2,0.0,0.0,0.545,9.6,0.843,83.2,0.778,19.2,1.364,9.6,0.633,28.8,0.0,0.0,0.683,41.6
Eric Gordon,670.5,0.766,45.0,1.2,108.0,0.95,180.0,0.0,0.0,0.0,0.0,1.059,189.0,0.867,45.0,1.4,9.0,0.947,76.5,0.0,0.0,0.842,18.0
Ersan Ilyasova,608.4000000000001,0.0,0.0,1.27,88.39999999999999,0.0,0.0,0.695,83.2,0.852,26.0,0.99,208.0,0.7,10.4,1.073,41.6,0.949,41.6,0.987,78.0,0.267,31.2
Evan Fournier,1161.3,0.983,55.3,1.342,189.6,0.804,252.8,0.0,0.0,0.0,0.0,1.052,292.3,0.941,102.7,1.308,55.3,1.075,150.1,1.176,15.8,0.627,47.4
Evan Turner,1004.3999999999999,0.895,105.3,1.04,153.9,0.708,315.9,0.0,0.0,0.99,105.3,0.746,137.7,0.982,56.699999999999996,1.233,40.5,0.818,24.3,0.826,24.3,0.585,40.5
Festus Ezeli,317.40000000000003,0.0,0.0,1.389,18.400000000000002,0.0,0.0,1.058,50.6,0.696,69.0,0.0,0.0,0.0,0.0,1.286,96.60000000000001,0.0,0.0,0.863,50.6,0.516,32.199999999999996
Frank Kaminsky,639.9,0.92,24.3,1.075,40.5,0.0,0.0,1.0,129.6,0.786,72.9,0.813,210.6,0.455,8.1,1.295,64.8,1.053,16.2,1.355,32.4,0.658,40.5
Garrett Temple,624.0,1.143,16.0,1.076,200.0,0.59,64.0,0.0,0.0,0.0,0.0,0.97,200.0,0.75,16.0,0.808,24.0,0.735,48.0,1.067,16.0,0.744,40.0
Gary Harris,919.6000000000001,0.778,38.0,1.221,197.6,0.8,98.8,0.0,0.0,0.0,0.0,0.983,243.20000000000002,0.888,136.8,1.27,91.2,0.971,68.4,1.111,15.200000000000001,0.656,30.400000000000002
Gary Neal,364.0,1.565,24.0,1.058,52.0,1.076,92.0,0.0,0.0,0.0,0.0,0.884,96.0,1.243,36.0,0.0,0.0,0.981,52.0,0.0,0.0,0.154,12.0
George Hill,895.4,0.86,44.4,1.059,185.0,0.792,259.0,0.0,0.0,0.727,7.4,1.112,177.6,0.892,37.0,1.581,29.6,1.157,81.4,1.318,22.2,0.633,51.8
Gerald Green,662.4000000000001,0.682,20.7,1.0,117.3,0.837,48.3,0.0,0.0,1.737,20.7,1.009,234.6,0.797,75.9,0.917,20.7,0.693,75.9,1.053,20.7,0.548,27.6
Gerald Henderson,655.1999999999999,0.807,57.6,1.161,86.39999999999999,0.719,122.39999999999999,0.0,0.0,0.846,50.4,0.986,144.0,0.816,50.4,1.429,36.0,0.836,57.6,1.375,14.4,0.474,36.0
Giannis Antetokounmpo,1400.0,0.825,216.0,1.224,288.0,0.814,144.0,0.829,32.0,0.798,112.0,0.835,232.0,0.571,32.0,1.314,152.0,0.6,16.0,1.226,88.0,0.648,88.0
Glenn Robinson III,166.5,0.0,0.0,1.163,49.50000000000001,0.294,18.0,0.0,0.0,0.0,0.0,0.792,49.50000000000001,1.3,9.0,1.458,22.5,0.474,18.0,0.0,0.0,0.0,0.0
Goran Dragic,1137.6,0.914,72.0,1.073,237.6,0.789,432.0,0.0,0.0,0.0,0.0,1.0,180.0,0.742,64.8,1.032,28.8,0.814,43.199999999999996,1.231,28.8,0.615,50.4
Gordon Hayward,1608.0,0.881,176.0,1.312,216.0,0.824,392.0,1.929,16.0,0.879,32.0,0.994,312.0,0.843,184.0,1.161,64.0,0.86,120.0,1.125,32.0,0.75,64.0
Gorgui Dieng,828.1999999999999,0.645,32.800000000000004,1.383,57.4,0.0,0.0,0.946,188.6,0.9,131.20000000000002,0.898,114.8,0.0,0.0,1.386,139.4,0.0,0.0,1.178,73.8,0.438,90.2
Greg Monroe,1192.8999999999999,0.855,63.2,1.231,63.2,0.0,0.0,1.069,126.4,0.862,410.8,0.96,71.10000000000001,0.0,0.0,1.203,213.3,0.846,15.8,1.153,173.8,0.719,55.3
Greg Smith,27.0,0.0,0.0,0.0,0.0,0.0,0.0,0.8,14.4,0.0,0.0,0.0,0.0,0.0,0.0,1.154,12.6,0.0,0.0,0.0,0.0,0.0,0.0
Greivis Vasquez,163.3,0.0,0.0,0.588,16.099999999999998,0.55,59.800000000000004,0.0,0.0,0.0,0.0,0.797,64.39999999999999,1.214,13.799999999999999,0.0,0.0,0.0,0.0,0.0,0.0,0.1,9.200000000000001
Harrison Barnes,745.8,0.815,66.0,1.133,145.20000000000002,0.939,33.0,0.955,19.8,0.905,92.39999999999999,1.077,217.79999999999998,0.8,13.200000000000001,1.194,72.60000000000001,0.903,33.0,1.148,26.400000000000002,0.828,26.400000000000002
Hassan Whiteside,963.5999999999999,0.9,21.9,1.316,36.5,0.0,0.0,1.342,197.10000000000002,0.786,211.7,0.895,21.9,0.0,0.0,1.405,175.2,0.0,0.0,1.189,197.10000000000002,0.343,102.19999999999999
Henry Sims,95.2,0.0,0.0,0.0,0.0,0.0,0.0,1.048,21.0,0.778,18.2,0.5,12.6,0.0,0.0,1.263,19.599999999999998,0.0,0.0,1.0,12.6,0.364,11.200000000000001
Hollis Thompson,793.0999999999999,0.692,15.4,1.113,154.0,0.558,53.9,0.0,0.0,0.0,0.0,1.102,315.7,0.753,92.39999999999999,1.167,38.5,0.662,61.6,0.909,30.8,0.37,30.8
Ian Mahinmi,639.0,0.667,14.200000000000001,1.373,49.699999999999996,0.0,0.0,1.125,134.9,0.8,71.0,0.673,49.699999999999996,0.0,0.0,1.161,191.70000000000002,0.0,0.0,1.203,56.800000000000004,0.479,71.0
Iman Shumpert,372.6000000000001,0.7,32.4,1.148,59.400000000000006,0.746,59.400000000000006,0.0,0.0,0.0,0.0,0.844,162.0,0.385,10.8,0.0,0.0,0.842,21.6,0.0,0.0,0.333,27.0
Isaiah Canaan,870.1,0.722,100.10000000000001,1.081,161.70000000000002,0.758,177.1,0.0,0.0,0.0,0.0,1.074,246.4,1.013,77.0,0.75,23.099999999999998,1.061,46.199999999999996,0.0,0.0,0.694,38.5
Isaiah Thomas,1836.8,0.966,147.6,1.079,418.2,0.857,565.8000000000001,0.0,0.0,0.0,0.0,1.078,246.0,0.93,172.20000000000002,1.219,32.800000000000004,1.051,155.79999999999998,1.235,16.400000000000002,0.914,82.0
Ish Smith,905.0,0.621,95.0,0.945,180.0,0.71,405.0,0.0,0.0,0.0,0.0,0.992,125.0,0.895,40.0,0.0,0.0,0.833,10.0,0.75,10.0,0.6,40.0
J.J. Barea,843.5999999999999,0.688,74.0,1.041,74.0,0.87,451.4,0.0,0.0,0.0,0.0,1.243,148.0,0.955,44.4,1.6,7.4,0.867,14.8,0.0,0.0,0.375,29.6
JJ Hickson,152.0,0.0,0.0,1.0,14.0,0.0,0.0,1.095,42.0,0.786,14.0,0.462,14.0,0.0,0.0,0.973,38.0,0.0,0.0,1.0,18.0,0.182,12.0
JJ Redick,1035.0,0.846,22.5,1.307,127.5,0.86,60.0,0.0,0.0,0.0,0.0,1.52,172.5,0.959,195.0,1.0,15.0,1.124,405.0,0.0,0.0,1.184,37.5
JR Smith,939.4,0.733,123.2,1.139,146.29999999999998,0.676,77.0,0.0,0.0,0.417,15.4,1.183,315.7,1.14,46.199999999999996,0.941,15.4,1.077,154.0,0.0,0.0,0.568,46.199999999999996
JaKarr Sampson,291.40000000000003,0.231,14.1,0.9,70.5,0.471,18.8,0.0,0.0,0.0,0.0,0.551,79.89999999999999,1.231,28.2,1.083,47.0,0.0,0.0,1.05,18.8,0.563,14.1
JaMychal Green,631.8,0.762,23.4,1.164,54.599999999999994,0.0,0.0,0.894,93.6,0.841,85.80000000000001,0.763,117.0,0.0,0.0,1.178,101.4,0.0,0.0,1.009,117.0,0.429,39.0
JaVale McGee,159.79999999999998,0.0,0.0,0.0,0.0,0.0,0.0,1.154,37.400000000000006,0.385,13.600000000000001,1.0,10.2,0.0,0.0,1.3,51.0,0.0,0.0,0.941,34.0,0.214,13.600000000000001
Jabari Parker,1117.2,0.716,98.8,1.212,205.20000000000002,0.701,68.4,0.727,53.199999999999996,1.0,76.0,0.813,250.79999999999998,0.6,22.8,1.182,190.0,1.0,30.400000000000002,1.2,68.4,0.48,53.199999999999996
Jae Crowder,1000.1,0.667,21.9,1.164,204.39999999999998,0.781,73.0,1.237,36.5,0.943,36.5,1.027,328.5,0.985,65.7,1.464,58.400000000000006,1.041,73.0,1.086,36.5,0.697,65.7
Jahlil Okafor,964.6,0.866,185.5,1.338,63.599999999999994,0.0,0.0,1.015,127.19999999999999,0.851,312.70000000000005,0.911,42.400000000000006,0.0,0.0,0.89,111.30000000000001,0.0,0.0,1.298,84.80000000000001,0.487,37.099999999999994
Jamal Crawford,1153.4000000000003,1.004,260.7,1.152,134.29999999999998,0.817,347.6,0.0,0.0,0.0,0.0,1.071,213.3,0.824,102.7,0.0,0.0,0.795,39.5,1.273,7.9,0.75,47.4
Jameer Nelson,374.40000000000003,1.0,31.200000000000003,0.917,35.1,0.665,183.3,0.0,0.0,0.0,0.0,0.775,81.9,0.964,27.299999999999997,0.0,0.0,0.0,0.0,0.0,0.0,0.467,15.600000000000001
James Anderson,209.1,0.0,0.0,0.581,61.199999999999996,0.692,40.800000000000004,0.0,0.0,0.0,0.0,0.766,76.5,0.667,20.400000000000002,0.0,0.0,1.1,10.200000000000001,0.0,0.0,0.0,0.0
James Ennis III,104.4,0.0,0.0,1.64,25.2,0.824,17.099999999999998,0.0,0.0,0.0,0.0,1.05,39.6,0.0,0.0,0.0,0.0,0.8,9.9,0.846,12.6,0.0,0.0
James Harden,2345.2000000000003,0.926,565.8000000000001,1.073,492.0,0.97,606.8000000000001,0.0,0.0,0.911,114.8,1.267,188.6,0.954,90.2,1.205,41.0,1.038,82.0,0.724,32.800000000000004,0.809,131.20000000000002
James Johnson,307.8,0.839,57.0,0.92,51.300000000000004,0.857,22.8,0.0,0.0,0.833,17.099999999999998,0.859,96.89999999999999,0.0,0.0,1.333,22.8,0.615,11.4,1.412,17.099999999999998,0.143,11.4
Jared Dudley,583.2,0.0,0.0,1.097,121.5,0.0,0.0,0.951,81.0,0.0,0.0,1.11,267.3,0.0,0.0,1.366,40.5,0.765,32.4,1.0,16.2,0.52,24.3
Jared Sullinger,972.0,0.579,56.699999999999996,0.985,64.8,0.0,0.0,0.873,162.0,0.825,162.0,0.824,202.5,0.0,0.0,1.046,89.10000000000001,0.851,48.6,1.081,121.5,0.313,64.8
Jarell Martin,159.3,0.833,10.8,1.176,16.2,0.0,0.0,0.708,24.3,0.8,16.2,0.75,24.3,0.0,0.0,1.259,27.0,0.0,0.0,1.214,27.0,0.462,13.5
Jarrett Jack,483.19999999999993,0.66,51.2,0.815,54.4,0.829,217.6,0.0,0.0,0.0,0.0,0.89,89.6,0.783,22.4,0.0,0.0,0.429,12.8,0.0,0.0,0.771,35.2
Jason Smith,592.8,0.0,0.0,1.222,30.400000000000002,0.0,0.0,1.004,235.6,0.357,15.200000000000001,0.931,159.6,0.0,0.0,1.054,38.0,0.727,22.8,1.0,30.400000000000002,0.456,60.800000000000004
Jason Terry,424.80000000000007,0.467,14.4,1.151,86.39999999999999,0.82,57.6,0.0,0.0,0.0,0.0,0.99,194.4,1.0,21.599999999999998,0.0,0.0,1.211,21.599999999999998,0.0,0.0,0.552,28.8
Jason Thompson,60.8,0.0,0.0,0.0,0.0,0.0,0.0,1.0,13.299999999999999,0.0,0.0,0.952,20.900000000000002,0.0,0.0,1.615,13.299999999999999,0.0,0.0,1.071,13.299999999999999,0.0,0.0
Jeff Green,686.8000000000001,1.03,63.599999999999994,1.186,95.4,0.875,127.19999999999999,1.083,24.3,0.845,58.300000000000004,0.764,121.89999999999999,0.786,26.5,1.302,53.0,0.925,42.400000000000006,1.057,37.099999999999994,0.526,37.099999999999994
Jeff Teague,1335.1,0.834,189.6,1.107,229.1,0.785,545.1,0.0,0.0,1.077,15.8,1.348,134.29999999999998,0.784,71.10000000000001,1.333,23.7,0.705,47.4,0.0,0.0,0.795,79.0
Jeff Withey,214.2,0.0,0.0,1.385,15.299999999999999,0.0,0.0,1.077,40.800000000000004,0.0,0.0,0.706,15.299999999999999,0.0,0.0,1.136,81.60000000000001,0.0,0.0,1.027,35.699999999999996,0.56,25.5
Jerami Grant,862.4,0.824,100.10000000000001,1.116,138.6,0.652,23.099999999999998,0.6,92.39999999999999,0.878,46.199999999999996,0.846,215.6,0.917,23.099999999999998,1.074,107.8,0.81,23.099999999999998,0.904,53.9,0.359,38.5
Jeremy Lamb,587.4,0.805,39.6,1.042,72.60000000000001,0.966,145.20000000000002,0.0,0.0,0.0,0.0,0.955,112.2,0.686,33.0,1.396,46.199999999999996,1.032,92.39999999999999,1.179,26.400000000000002,0.235,19.8
Jeremy Lin,1006.2,0.787,78.0,1.007,132.6,0.789,335.4,0.0,0.0,0.0,0.0,0.86,218.39999999999998,0.905,70.2,1.442,46.8,1.181,70.2,0.0,0.0,0.786,54.599999999999994
Jerian Grant,516.8000000000001,0.784,53.199999999999996,1.06,83.60000000000001,0.724,182.4,0.0,0.0,0.0,0.0,0.824,98.8,1.038,22.8,1.6,22.8,0.44,22.8,0.0,0.0,0.219,30.400000000000002
Jerryd Bayless,535.6000000000001,0.974,41.6,1.047,83.2,0.791,114.4,0.0,0.0,0.0,0.0,1.239,161.20000000000002,0.592,46.800000000000004,0.929,15.6,1.234,46.800000000000004,0.0,0.0,0.423,26.0
Jimmy Butler,1380.1999999999998,0.905,167.5,1.078,167.5,0.894,435.5,1.167,13.4,0.859,80.39999999999999,0.959,147.4,1.066,73.7,1.532,127.3,1.044,67.0,1.216,40.199999999999996,0.783,60.300000000000004
Joakim Noah,194.3,0.0,0.0,0.571,14.5,0.0,0.0,0.6,20.299999999999997,0.6,8.7,0.688,17.4,0.0,0.0,1.138,29.0,0.0,0.0,0.733,60.900000000000006,0.093,43.5
Joe Ingles,356.4,0.813,16.2,1.154,40.5,0.571,56.699999999999996,0.0,0.0,0.0,0.0,1.228,162.0,0.623,56.699999999999996,0.0,0.0,1.091,8.1,0.0,0.0,0.118,16.2
Joe Johnson,752.4000000000001,0.8,108.3,1.012,85.5,0.707,182.4,0.0,0.0,0.83,91.2,1.077,182.4,0.867,17.099999999999998,0.0,0.0,1.085,45.6,0.636,11.4,0.286,28.5
Joffrey Lauvergne,462.0,0.286,12.0,1.368,36.0,0.0,0.0,1.104,114.0,1.03,66.0,0.798,90.0,0.0,0.0,1.262,60.0,0.0,0.0,1.133,48.0,0.441,36.0
John Henson,399.0,0.0,0.0,1.04,22.8,0.0,0.0,1.09,91.2,0.719,57.0,0.643,11.4,0.0,0.0,1.175,119.7,0.0,0.0,1.19,57.0,0.237,39.9
John Jenkins,88.0,0.0,0.0,0.875,24.200000000000003,0.8,30.799999999999997,0.0,0.0,0.0,0.0,1.263,19.8,0.0,0.0,0.0,0.0,1.385,13.2,0.0,0.0,0.0,0.0
John Wall,1794.1000000000004,0.76,200.20000000000002,1.019,423.5,0.727,723.8000000000001,0.0,0.0,0.688,15.4,1.009,231.0,0.689,46.199999999999996,0.938,15.4,0.786,30.8,0.611,15.4,0.74,92.39999999999999
Johnny O'Bryant III,237.60000000000002,0.0,0.0,1.25,13.200000000000001,0.0,0.0,0.706,33.0,1.0,19.8,0.609,66.0,0.0,0.0,1.0,52.800000000000004,0.0,0.0,0.771,33.0,0.235,19.8
Jon Leuer,582.9,0.891,46.9,1.145,60.300000000000004,0.0,0.0,1.182,134.0,0.886,46.9,0.812,140.70000000000002,0.818,13.4,1.019,53.6,0.0,0.0,1.204,46.9,0.324,40.199999999999996
Jonas Jerebko,350.99999999999994,0.0,0.0,1.151,54.599999999999994,0.0,0.0,0.568,46.8,0.611,15.600000000000001,0.978,132.6,0.0,0.0,1.227,46.8,0.0,0.0,0.731,23.4,0.548,31.200000000000003
Jonas Valanciunas,708.0,0.0,0.0,1.25,30.0,0.0,0.0,1.267,102.0,0.867,198.0,1.0,24.0,0.0,0.0,1.429,150.0,0.0,0.0,1.014,144.0,0.754,60.0
Jonathon Simmons,324.5,0.667,27.5,1.344,66.0,0.846,49.5,0.0,0.0,0.0,0.0,0.989,93.5,1.0,22.0,1.462,27.5,0.875,16.5,0.0,0.0,0.429,22.0
Jordan Clarkson,1327.1999999999998,0.598,134.29999999999998,0.941,205.4,0.868,474.0,0.0,0.0,0.6,7.9,1.05,181.7,1.167,79.0,1.239,71.10000000000001,0.974,79.0,1.0,39.5,0.654,55.3
Jordan Farmar,100.79999999999998,0.583,12.0,1.273,10.8,1.043,45.599999999999994,0.0,0.0,0.0,0.0,0.739,22.799999999999997,0.0,0.0,0.0,0.0,0.6,9.600000000000001,0.0,0.0,0.0,0.0
Jordan Hamilton,102.29999999999998,0.923,13.2,1.115,26.4,1.167,17.6,0.0,0.0,0.0,0.0,0.6,45.099999999999994,0.0,0.0,0.0,0.0,0.0,0.0,0.0,0.0,0.0,0.0
Jordan Hill,700.8,0.706,36.5,0.909,36.5,0.0,0.0,0.964,138.7,0.822,167.89999999999998,0.736,51.099999999999994,0.0,0.0,1.198,124.1,0.0,0.0,1.207,94.9,0.34,51.099999999999994
Jordan McRae,21.7,0.0,0.0,1.0,11.9,0.8,9.799999999999999,0.0,0.0,0.0,0.0,0.0,0.0,0.0,0.0,0.0,0.0,0.0,0.0,0.0,0.0,0.0,0.0
Jose Calderon,554.4,0.917,14.4,0.982,57.6,0.83,208.79999999999998,0.0,0.0,0.0,0.0,1.289,129.6,1.093,43.199999999999996,1.313,14.4,1.047,43.199999999999996,0.0,0.0,0.31,43.199999999999996
Josh McRoberts,163.79999999999998,0.8,25.2,0.0,0.0,0.0,0.0,0.806,37.800000000000004,0.0,0.0,0.716,67.2,0.0,0.0,1.429,12.6,0.0,0.0,0.0,0.0,0.261,21.0
Josh Richardson,312.70000000000005,0.875,15.899999999999999,1.395,42.400000000000006,0.756,79.5,0.0,0.0,0.0,0.0,1.141,132.5,1.385,10.600000000000001,1.3,10.600000000000001,0.0,0.0,0.0,0.0,0.318,21.200000000000003
Josh Smith,288.2,0.852,27.599999999999998,0.788,32.0,0.4,20.7,0.567,60.8,0.833,25.6,0.912,57.5,0.0,0.0,0.846,25.6,0.0,0.0,1.167,12.8,0.292,25.6
Jrue Holiday,1189.5,0.971,104.0,0.952,123.5,0.867,617.5,0.0,0.0,0.706,19.5,0.893,104.0,1.09,65.0,1.625,26.0,1.109,45.5,0.75,13.0,0.622,71.5
Julius Randle,1093.5,0.72,243.0,1.04,170.1,0.667,24.3,0.728,105.3,0.656,129.6,0.699,121.5,0.0,0.0,1.2,97.2,0.5,24.3,1.096,113.39999999999999,0.563,64.8
Justin Anderson,220.0,0.5,11.0,1.5,38.5,0.688,33.0,0.0,0.0,0.0,0.0,0.959,71.5,0.933,16.5,0.9,11.0,0.235,16.5,1.4,11.0,0.692,11.0
Justin Holiday,183.6,0.455,10.8,0.86,43.2,0.844,32.4,0.0,0.0,0.0,0.0,1.365,51.3,0.667,18.9,0.0,0.0,0.727,10.8,0.0,0.0,0.2,16.2
Justise Winslow,600.5999999999999,0.667,15.600000000000001,0.973,148.2,0.442,46.8,0.0,0.0,0.476,23.4,0.772,187.2,0.423,23.4,1.068,70.2,0.0,0.0,1.065,46.8,0.475,39.0
Jusuf Nurkic,336.0,0.0,0.0,1.364,9.6,0.0,0.0,1.012,83.2,0.639,108.8,0.545,9.6,0.0,0.0,1.025,41.6,0.0,0.0,0.654,51.2,0.313,32.0
Karl-Anthony Towns,1451.3999999999999,1.188,98.39999999999999,1.085,106.60000000000001,0.0,0.0,0.953,360.8,0.92,254.20000000000002,1.094,164.0,0.0,0.0,1.388,114.8,1.099,82.0,1.281,164.0,0.419,106.60000000000001
Kawhi Leonard,1324.8000000000002,0.987,158.4,1.206,172.79999999999998,1.017,180.0,1.214,14.4,1.017,172.79999999999998,1.251,309.59999999999997,1.047,86.39999999999999,1.421,57.6,1.149,86.39999999999999,1.13,43.199999999999996,0.935,43.199999999999996
Kelly Olynyk,683.0999999999999,0.4,20.7,1.316,96.6,0.0,0.0,1.038,131.1,0.92,48.3,1.059,172.5,0.706,34.5,1.216,48.3,1.026,41.4,0.8,48.3,0.385,41.4
Kelly Oubre Jr.,258.3,0.0,0.0,1.123,56.7,0.48,25.200000000000003,0.0,0.0,0.0,0.0,0.831,81.9,0.667,18.9,1.5,31.5,0.231,12.600000000000001,1.059,18.9,0.5,12.600000000000001
Kemba Walker,1684.8,0.723,129.6,1.236,234.9,0.894,785.6999999999999,0.0,0.0,0.0,0.0,1.144,234.9,1.069,97.2,1.455,32.4,1.055,56.699999999999996,1.318,24.3,0.778,89.10000000000001
Kendall Marshall,153.0,0.737,18.0,0.429,15.0,0.408,48.0,0.0,0.0,0.8,9.0,1.0,48.0,0.0,0.0,0.0,0.0,0.0,0.0,0.0,0.0,0.125,15.0
Kendrick Perkins,98.8,0.0,0.0,0.0,0.0,0.0,0.0,1.0,30.400000000000002,0.478,22.8,0.0,0.0,0.0,0.0,1.083,22.8,0.0,0.0,0.0,0.0,0.043,22.8
Kenneth Faried,810.7,0.444,20.099999999999998,1.324,107.2,0.0,0.0,1.129,134.0,0.936,93.8,0.643,40.199999999999996,0.0,0.0,1.166,167.5,0.0,0.0,1.052,174.20000000000002,0.5,73.7
Kent Bazemore,930.0,1.0,45.0,1.074,217.5,0.593,142.5,0.0,0.0,0.0,0.0,0.986,277.5,0.683,60.0,1.159,82.5,1.279,45.0,1.0,15.0,0.605,45.0
Kentavious Caldwell-Pope,1155.1999999999998,0.81,60.800000000000004,1.19,258.4,0.823,258.4,0.0,0.0,0.0,0.0,0.899,296.4,0.754,60.800000000000004,1.432,38.0,0.681,91.2,1.1,38.0,0.782,53.199999999999996
Kevin Durant,1828.8,0.989,273.59999999999997,1.318,273.59999999999997,0.934,345.59999999999997,1.08,100.8,1.235,151.20000000000002,1.129,201.6,1.25,43.199999999999996,1.493,72.0,0.973,259.2,1.174,21.599999999999998,0.851,86.39999999999999
Kevin Garnett,125.4,0.0,0.0,1.077,11.4,0.0,0.0,1.214,26.599999999999998,0.923,26.599999999999998,0.833,34.2,0.0,0.0,0.846,11.4,0.0,0.0,0.0,0.0,0.235,15.200000000000001
Kevin Love,1255.0999999999997,0.929,38.5,1.096,115.5,0.0,0.0,0.953,192.5,0.981,308.0,1.063,331.09999999999997,0.737,15.4,1.019,53.9,1.034,61.6,0.887,69.3,0.394,69.3
Kevin Martin,436.79999999999995,0.93,58.5,1.239,66.3,0.657,66.3,0.0,0.0,0.778,19.5,0.862,66.3,0.696,23.4,1.35,19.5,1.0,97.5,0.0,0.0,0.895,19.5
Kevin Seraphin,259.7,0.857,14.7,0.8,14.7,0.0,0.0,0.857,34.3,0.625,112.69999999999999,0.667,19.6,0.0,0.0,1.107,29.4,0.0,0.0,1.0,9.8,0.261,24.5
Khris Middleton,1445.6999999999998,0.963,158.0,1.245,197.5,0.782,260.7,0.84,23.7,0.855,118.5,1.059,237.0,1.047,150.1,0.933,31.6,0.977,173.8,0.579,15.8,0.837,79.0
Kirk Hinrich,136.5,0.0,0.0,1.194,31.5,0.738,42.0,0.0,0.0,0.0,0.0,0.816,38.5,1.308,14.0,0.0,0.0,0.0,0.0,0.0,0.0,0.083,10.5
Klay Thompson,1600.0,0.802,80.0,1.24,280.0,0.93,112.0,0.714,16.0,0.797,56.0,1.178,272.0,1.207,56.0,1.221,136.0,1.054,504.0,1.211,16.0,0.89,72.0
Kobe Bryant,1353.0000000000002,0.712,264.0,0.984,132.0,0.836,283.8,0.833,13.200000000000001,0.852,184.79999999999998,0.982,171.6,0.763,92.39999999999999,0.958,26.400000000000002,0.959,99.0,1.115,26.400000000000002,0.525,59.4
Kosta Koufos,522.6,0.0,0.0,1.071,39.0,0.0,0.0,0.991,109.19999999999999,0.718,70.2,0.0,0.0,0.0,0.0,1.142,179.39999999999998,0.0,0.0,1.174,93.6,0.2,31.200000000000003
Kostas Papanikolaou,78.00000000000001,0.0,0.0,0.727,10.4,0.0,13.0,0.0,0.0,0.0,0.0,0.771,33.800000000000004,1.5,10.4,0.0,0.0,0.0,0.0,0.0,0.0,0.455,10.4
Kris Humphries,199.50000000000003,0.0,0.0,1.192,25.2,0.0,0.0,1.12,50.4,0.0,0.0,0.809,67.2,0.0,0.0,1.087,23.1,0.0,0.0,0.944,16.8,1.125,16.8
Kristaps Porzingis,1101.6,0.765,64.8,0.95,79.2,0.615,14.4,1.072,151.20000000000002,0.821,165.6,0.812,273.59999999999997,0.0,0.0,1.125,122.39999999999999,0.893,86.39999999999999,1.235,79.2,0.708,64.8
Kyle Anderson,374.40000000000003,1.132,54.599999999999994,0.787,62.400000000000006,0.895,39.0,0.0,0.0,0.737,39.0,1.018,109.19999999999999,0.526,15.600000000000001,1.25,15.600000000000001,0.0,0.0,0.643,15.600000000000001,0.462,23.4
Kyle Korver,712.0,0.0,0.0,1.16,104.0,0.918,48.0,0.0,0.0,0.0,0.0,1.127,176.0,0.958,96.0,1.16,24.0,1.0,224.0,0.0,0.0,0.333,40.0
Kyle Lowry,1640.1,0.931,161.70000000000002,1.208,277.2,0.863,585.1999999999999,1.417,15.4,0.733,30.8,1.156,254.1,1.079,92.39999999999999,1.727,7.7,0.89,100.10000000000001,0.895,15.4,0.732,100.10000000000001
Kyle O'Quinn,364.0,0.957,26.0,1.174,26.0,0.0,0.0,0.775,71.5,0.727,65.0,0.887,52.0,0.0,0.0,1.078,52.0,0.0,0.0,1.167,39.0,0.323,32.5
Kyle Singler,251.6,0.0,0.0,1.14,47.599999999999994,0.0,0.0,0.0,0.0,0.0,0.0,0.817,108.80000000000001,0.267,13.600000000000001,0.853,34.0,0.0,0.0,0.958,27.200000000000003,0.353,20.4
Kyrie Irving,1075.9,0.948,153.7,1.214,137.8,0.893,466.40000000000003,0.0,0.0,0.8,21.200000000000003,0.965,116.60000000000001,0.717,47.7,1.5,15.899999999999999,1.022,47.7,0.667,15.899999999999999,0.827,53.0
LaMarcus Aldridge,1272.8,0.933,14.8,1.419,59.2,0.0,0.0,0.903,259.0,0.998,429.2,0.865,199.8,0.0,0.0,1.435,118.4,0.686,37.0,1.413,125.8,0.484,29.6
Lamar Patterson,87.5,0.0,0.0,1.615,14.0,0.385,14.0,0.0,0.0,0.0,0.0,0.592,49.0,0.0,0.0,1.273,10.5,0.0,0.0,0.0,0.0,0.0,0.0
Lance Stephenson,389.90000000000003,0.793,122.2,0.932,44.199999999999996,0.976,85.8,0.0,0.0,0.75,20.8,1.033,59.8,1.067,15.6,1.571,13.0,0.0,0.0,1.2,15.6,0.727,12.9
Lance Thomas,472.0,1.063,29.5,1.141,64.9,0.759,29.5,0.833,11.8,1.231,23.6,1.074,188.8,0.0,0.0,1.024,41.3,0.643,29.5,1.158,17.7,0.421,35.4
Langston Galloway,696.9999999999999,0.758,32.800000000000004,1.072,155.79999999999998,0.744,123.0,0.0,0.0,0.0,0.0,0.907,196.79999999999998,0.786,57.4,1.343,32.800000000000004,0.738,41.0,1.105,16.400000000000002,0.525,41.0
Larry Nance Jr.,346.5,0.857,12.600000000000001,1.537,44.099999999999994,0.0,0.0,0.829,44.099999999999994,0.0,0.0,0.779,75.6,0.0,0.0,1.155,69.30000000000001,0.615,12.600000000000001,1.019,56.7,0.586,31.5
Lavoy Allen,450.29999999999995,0.0,0.0,1.175,39.5,0.0,0.0,1.0,79.0,0.525,39.5,0.688,63.2,0.0,0.0,1.135,102.7,0.0,0.0,1.156,86.9,0.256,39.5
LeBron James,1869.6000000000001,0.853,357.2,1.319,364.8,0.885,402.8,1.358,68.4,0.893,197.6,1.0,121.60000000000001,1.257,38.0,1.39,106.39999999999999,0.923,38.0,1.299,68.4,0.495,106.39999999999999
Leandro Barbosa,442.0,0.731,27.200000000000003,1.22,122.4,0.908,68.0,0.0,0.0,0.0,0.0,0.908,88.4,0.958,27.200000000000003,1.0,13.600000000000001,0.986,68.0,0.0,0.0,0.467,27.200000000000003
Lou Williams,971.5,1.187,93.8,1.058,140.70000000000002,1.014,428.8,0.0,0.0,0.0,0.0,1.17,100.5,0.883,73.7,1.333,13.4,0.965,87.10000000000001,1.4,13.4,0.478,20.099999999999998
Luc Mbah a Moute,262.5,0.0,0.0,1.102,52.5,0.0,0.0,0.75,22.5,0.0,0.0,0.861,82.5,0.0,0.0,1.091,67.5,0.0,0.0,0.636,22.5,0.231,15.0
Luis Scola,691.6,0.0,0.0,1.427,98.8,0.0,0.0,0.831,129.2,0.725,106.39999999999999,0.966,205.20000000000002,0.0,0.0,1.091,53.199999999999996,0.0,0.0,0.931,60.800000000000004,0.5,38.0
Luke Babbitt,305.5,0.467,14.1,1.196,47.0,1.043,23.5,0.0,0.0,0.0,0.0,0.945,145.70000000000002,1.188,14.1,0.0,0.0,1.0,37.6,0.909,23.5,0.0,0.0
Luol Deng,924.9999999999999,0.487,37.0,1.326,140.6,0.846,29.6,1.0,66.60000000000001,0.639,59.2,0.95,325.6,1.059,14.8,1.276,88.8,0.61,44.4,1.349,66.60000000000001,0.633,51.8
Manu Ginobili,562.6,1.056,34.8,1.158,58.0,0.691,139.2,0.0,0.0,0.0,0.0,1.113,156.60000000000002,0.956,46.400000000000006,1.2,40.599999999999994,1.043,46.400000000000006,0.0,0.0,0.375,40.599999999999994
Marc Gasol,936.0,0.885,52.0,1.167,15.6,0.0,0.0,1.087,208.0,0.888,374.40000000000003,0.704,98.8,0.0,0.0,1.26,78.0,0.769,15.6,0.767,31.2,0.476,62.4
Marcelo Huertas,307.40000000000003,0.9,10.600000000000001,0.636,42.400000000000006,0.774,153.7,0.0,0.0,0.0,0.0,0.816,37.099999999999994,0.526,21.200000000000003,1.273,10.600000000000001,0.0,0.0,0.0,0.0,0.129,31.799999999999997
Marcin Gortat,967.5,0.909,7.5,1.23,75.0,0.0,0.0,1.212,225.0,0.895,150.0,0.938,15.0,0.0,0.0,1.134,307.5,0.0,0.0,1.01,105.0,0.313,82.5
Marco Belinelli,748.0,0.0,0.0,1.34,102.0,0.569,102.0,0.0,0.0,0.0,0.0,0.814,156.39999999999998,0.662,68.0,1.345,27.200000000000003,0.977,258.4,0.0,0.0,0.333,34.0
Marcus Morris Sr.,1192.0,0.806,176.0,1.121,128.0,0.714,144.0,0.824,48.0,0.988,168.0,1.118,272.0,0.725,40.0,1.667,24.0,0.845,56.0,1.038,56.0,0.578,80.0
Marcus Smart,683.1999999999999,0.656,30.5,0.922,115.89999999999999,0.774,122.0,0.0,0.0,0.81,42.699999999999996,0.785,170.79999999999998,0.725,42.699999999999996,1.176,36.6,0.6,18.3,0.957,48.800000000000004,0.618,54.9
Marcus Thornton,498.2,0.652,23.5,0.957,94.0,0.907,108.1,0.0,0.0,0.0,0.0,0.91,131.6,0.545,32.9,0.955,23.5,1.359,37.6,1.294,18.8,0.931,28.2
Mario Chalmers,627.0,1.0,38.5,1.096,93.5,0.887,247.5,0.0,0.0,0.0,0.0,0.923,104.5,1.081,38.5,1.429,16.5,0.6,16.5,0.929,16.5,0.768,55.0
Mario Hezonja,529.3000000000001,0.826,23.7,1.14,86.9,0.627,110.6,0.0,0.0,0.0,0.0,0.913,134.29999999999998,1.25,39.5,1.176,15.8,0.787,71.10000000000001,1.143,15.8,0.419,31.6
Markel Brown,415.99999999999994,0.462,12.8,1.125,70.4,0.717,96.0,0.0,0.0,0.0,0.0,0.893,121.6,0.313,19.2,1.158,19.2,0.838,38.4,1.0,12.8,0.741,25.6
Markieff Morris,548.5999999999999,0.689,60.800000000000004,1.024,43.2,0.538,11.4,0.962,79.8,0.727,140.6,0.954,86.4,0.0,0.0,0.889,34.2,1.148,26.599999999999998,1.25,16.2,0.449,49.4
Marreese Speights,561.6,0.759,28.8,1.35,43.199999999999996,0.0,0.0,1.081,122.39999999999999,0.776,50.4,0.944,108.0,0.0,0.0,0.914,57.6,0.852,57.6,0.738,57.6,0.27,36.0
Marvin Williams,882.9,0.0,0.0,1.127,72.9,0.833,16.2,1.131,129.6,1.158,40.5,1.121,348.3,1.25,32.4,1.179,56.699999999999996,0.925,40.5,1.076,81.0,0.694,64.8
Mason Plumlee,811.8000000000002,0.614,41.0,1.125,106.60000000000001,0.0,0.0,0.982,172.20000000000002,0.873,73.8,0.629,32.800000000000004,0.0,0.0,1.116,188.6,0.0,0.0,0.947,90.2,0.437,106.60000000000001
Matt Barnes,881.6,0.6,22.8,0.972,182.4,0.739,45.6,1.207,30.400000000000002,0.45,22.8,0.937,273.6,0.778,30.400000000000002,0.975,83.60000000000001,0.705,60.800000000000004,1.019,53.199999999999996,0.427,76.0
Matthew Dellavedova,638.4000000000001,0.591,22.8,1.017,60.800000000000004,0.682,304.0,0.0,0.0,0.0,0.0,1.24,152.0,0.821,38.0,1.636,7.6000000000000005,1.0,15.200000000000001,0.0,0.0,0.425,38.0
Maurice Harkless,514.8,0.789,15.600000000000001,1.23,85.80000000000001,0.688,31.200000000000003,0.455,7.800000000000001,0.478,23.4,0.856,148.2,1.167,15.600000000000001,1.354,62.400000000000006,0.875,23.4,1.045,70.2,0.464,31.200000000000003
Metta World Peace,196.0,0.6,24.5,0.684,17.5,1.045,21.0,0.0,0.0,0.605,38.5,1.048,63.0,0.25,21.0,0.0,0.0,0.0,0.0,0.75,10.5,0.0,0.0
Meyers Leonard,518.5,0.0,0.0,1.167,36.6,0.0,0.0,1.086,140.29999999999998,0.871,30.5,1.005,189.1,0.0,0.0,1.026,36.6,1.308,12.200000000000001,0.682,24.400000000000002,0.38,48.800000000000004
Michael Beasley,244.0,0.977,44.0,1.474,38.0,0.615,14.0,0.645,32.0,0.786,14.0,1.078,50.0,0.0,0.0,1.05,20.0,0.0,0.0,1.278,18.0,0.615,14.0
Michael Carter-Williams,777.5999999999999,0.902,91.8,1.087,102.6,0.709,253.8,0.0,0.0,0.432,37.8,0.852,113.4,1.053,21.6,1.125,64.8,0.2,10.8,0.739,21.6,0.355,59.400000000000006
Michael Kidd-Gilchrist,64.39999999999999,0.0,0.0,1.333,23.8,1.143,14.0,0.0,0.0,0.0,0.0,0.706,16.8,0.0,0.0,1.0,9.799999999999999,0.0,0.0,0.0,0.0,0.0,0.0
Mike Conley,879.1999999999999,1.018,56.0,0.949,100.8,0.86,380.8,0.0,0.0,0.0,0.0,1.064,106.39999999999999,0.988,84.0,1.609,22.400000000000002,1.157,72.8,1.333,11.200000000000001,0.786,44.800000000000004
Mike Dunleavy,217.00000000000003,0.0,0.0,1.2,34.1,0.462,12.4,0.0,0.0,0.0,0.0,1.078,65.10000000000001,0.667,27.900000000000002,1.538,24.8,0.744,40.300000000000004,0.0,0.0,0.545,12.4
Mike Scott,420.0,0.0,0.0,1.197,67.5,0.0,0.0,1.107,82.5,1.056,37.5,1.032,127.5,0.0,0.0,1.147,67.5,0.0,0.0,0.8,22.5,0.0,15.0
Miles Plumlee,292.8,0.0,0.0,1.353,18.3,0.0,0.0,1.443,61.0,1.027,36.6,0.0,0.0,0.0,0.0,1.0,91.5,0.0,0.0,0.923,54.9,0.429,30.5
Mirza Teletovic,932.2,1.037,23.7,1.142,126.4,0.583,15.8,1.036,86.9,0.912,126.4,1.139,300.2,0.659,47.4,1.158,15.8,0.929,110.6,1.351,39.5,0.634,39.5
Mo Williams,369.0,0.933,16.400000000000002,0.855,53.300000000000004,0.778,164.0,0.0,0.0,0.0,0.0,1.116,69.7,0.962,24.599999999999998,0.0,0.0,1.063,16.400000000000002,0.0,0.0,0.923,24.599999999999998
Monta Ellis,1296.0000000000002,0.76,97.2,1.026,226.79999999999998,0.779,502.2,0.0,0.0,0.0,0.0,1.005,194.4,0.682,89.10000000000001,1.28,24.3,0.838,72.9,1.222,16.2,0.583,72.9
Myles Turner,648.0,0.769,24.0,1.313,48.0,0.0,0.0,0.839,180.0,0.845,144.0,0.815,54.0,0.0,0.0,1.433,90.0,0.75,18.0,1.25,42.0,0.532,48.0
Nemanja Bjelica,294.0,0.71,30.0,1.31,30.0,0.0,0.0,1.368,36.0,0.643,12.0,0.99,102.0,0.0,0.0,1.708,24.0,0.0,0.0,0.963,30.0,0.375,30.0
Nene,535.8000000000001,1.0,34.199999999999996,1.146,39.9,0.0,0.0,0.957,91.2,0.888,171.0,0.667,34.199999999999996,0.0,0.0,1.293,114.0,0.0,0.0,0.842,17.099999999999998,0.406,34.199999999999996
Nerlens Noel,844.2000000000002,0.532,80.39999999999999,1.292,87.10000000000001,0.0,0.0,0.936,154.1,0.678,87.10000000000001,0.592,73.7,0.0,0.0,1.116,180.9,0.0,0.0,1.083,107.2,0.264,73.7
Nick Collison,147.5,0.0,0.0,0.0,0.0,0.0,0.0,0.909,41.3,0.0,0.0,0.0,0.0,0.0,0.0,0.857,41.3,0.0,0.0,0.917,35.4,0.2,29.5
Nick Young,410.3999999999999,0.933,32.4,0.968,59.400000000000006,0.887,70.2,0.0,0.0,0.0,0.0,0.944,124.19999999999999,1.097,32.4,0.0,0.0,0.75,75.6,0.0,0.0,0.867,16.2
Nicolas Batum,1141.0,0.748,105.0,1.025,119.0,0.785,259.0,0.0,0.0,0.737,56.0,0.934,154.0,0.914,140.0,1.0,28.0,1.109,182.0,1.28,28.0,0.5,70.0
Nik Stauskas,700.8000000000002,0.966,29.200000000000003,1.033,124.1,0.598,109.5,0.0,0.0,0.0,0.0,0.925,270.1,0.813,65.7,1.25,14.600000000000001,1.042,51.099999999999994,1.636,14.600000000000001,0.348,21.9
Nikola Jokic,792.0,0.5,32.0,0.979,48.0,0.0,0.0,0.994,152.0,0.936,160.0,1.0,88.0,0.0,0.0,1.238,120.0,0.0,0.0,1.204,112.0,0.744,80.0
Nikola Mirotic,785.4000000000001,0.742,33.0,0.88,92.39999999999999,0.318,19.8,1.033,59.4,0.83,85.8,1.111,290.40000000000003,0.643,39.6,1.136,46.199999999999996,1.175,39.6,1.361,33.0,0.625,46.199999999999996
Nikola Pekovic,46.8,0.0,0.0,0.0,0.0,0.0,0.0,1.0,10.8,0.667,36.0,0.0,0.0,0.0,0.0,0.0,0.0,0.0,0.0,0.0,0.0,0.0,0.0
Nikola Vucevic,1241.5,1.034,91.0,1.143,65.0,0.545,13.0,0.934,227.5,0.928,351.0,0.97,162.5,0.727,13.0,1.051,117.0,1.053,19.5,1.085,117.0,0.5,65.0
Noah Vonleh,327.59999999999997,0.6,7.800000000000001,1.333,23.4,0.0,0.0,0.719,62.400000000000006,0.4,23.4,0.644,85.80000000000001,0.0,0.0,1.024,39.0,0.0,0.0,1.196,54.599999999999994,0.452,31.200000000000003
Norman Powell,254.8,0.0,0.0,1.176,68.6,0.821,53.900000000000006,0.0,0.0,0.0,0.0,0.991,107.80000000000001,0.0,0.0,1.0,9.8,0.563,14.7,0.0,0.0,0.0,0.0
Norris Cole,562.5,0.727,22.5,0.929,99.00000000000001,0.824,279.0,0.0,0.0,0.0,0.0,0.792,94.5,0.732,40.5,0.0,0.0,0.0,0.0,0.0,0.0,0.448,27.0
O.J. Mayo,401.8,1.0,16.400000000000002,0.959,73.8,0.645,61.5,0.0,0.0,0.4,8.200000000000001,0.944,106.60000000000001,0.911,45.1,0.667,12.299999999999999,0.556,36.9,0.0,0.0,0.231,41.0
Omer Asik,292.40000000000003,0.0,0.0,0.0,0.0,0.0,0.0,0.985,68.0,0.0,0.0,0.0,0.0,0.0,0.0,1.176,108.80000000000001,0.0,0.0,0.877,74.80000000000001,0.047,40.8
Omri Casspi,786.6,0.952,20.7,1.156,186.3,0.543,34.5,0.864,20.7,1.2,6.9,1.023,303.6,1.25,34.5,1.055,75.9,1.162,34.5,1.167,34.5,0.364,34.5
Otto Porter Jr.,840.0,0.692,15.0,1.203,210.0,0.819,82.5,1.273,22.5,0.636,7.5,0.971,240.0,0.524,22.5,1.278,82.5,1.066,60.0,1.183,60.0,0.375,37.5
P.J. Tucker,746.1999999999999,0.417,24.599999999999998,0.774,139.4,0.84,49.199999999999996,0.583,8.200000000000001,0.516,65.60000000000001,1.018,221.4,0.25,8.200000000000001,1.017,57.4,0.938,16.400000000000002,1.129,98.39999999999999,0.533,57.4
PJ Hairston,301.2,0.0,0.0,1.091,52.800000000000004,0.615,25.2,0.0,0.0,0.0,0.0,1.042,168.0,0.421,19.200000000000003,0.0,0.0,0.81,21.599999999999998,0.667,14.399999999999999,0.0,0.0
Pablo Prigioni,182.9,0.5,17.7,1.32,23.6,0.67,88.5,0.0,0.0,0.0,0.0,1.027,35.4,0.0,0.0,0.0,0.0,0.0,0.0,0.0,0.0,0.263,17.7
Patrick Beverley,717.1,0.81,56.800000000000004,1.089,149.1,0.645,134.9,1.286,14.200000000000001,0.0,0.0,1.106,262.7,0.842,21.3,0.0,0.0,0.0,0.0,1.44,28.400000000000002,0.49,49.699999999999996
Patrick Patterson,553.0,0.0,0.0,1.0,55.3,0.0,0.0,0.926,79.0,0.571,15.8,1.01,300.2,0.0,0.0,1.2,15.8,0.0,0.0,0.939,47.4,0.4,39.5
Patty Mills,696.6,0.938,16.2,0.897,97.2,0.837,202.5,0.0,0.0,0.0,0.0,1.127,170.1,0.873,56.699999999999996,1.2,32.4,1.184,89.10000000000001,0.0,0.0,0.361,32.4
Pau Gasol,1281.6,0.813,72.0,1.219,64.8,0.0,0.0,0.993,273.59999999999997,0.805,266.40000000000003,1.0,259.2,0.0,0.0,1.108,93.60000000000001,1.136,21.599999999999998,1.009,115.2,0.47,115.2
Paul George,1935.9,0.807,267.3,1.099,315.9,0.853,405.0,1.0,24.3,0.631,64.8,1.106,218.70000000000002,0.796,105.3,1.479,72.9,1.013,307.8,1.316,40.5,0.728,113.39999999999999
Paul Millsap,1441.8,0.743,113.39999999999999,1.077,153.9,0.81,24.3,0.973,259.2,1.039,226.79999999999998,0.878,275.4,0.923,16.2,1.232,170.1,0.674,48.6,1.024,81.0,0.551,72.9
Paul Pierce,475.99999999999994,0.684,40.8,0.985,68.0,0.9,6.800000000000001,0.873,81.6,0.871,34.0,0.864,190.39999999999998,0.0,0.0,0.0,0.0,1.097,34.0,0.0,0.0,0.211,20.4
Phil Pressey,67.19999999999999,0.0,0.0,0.909,22.400000000000002,0.469,32.199999999999996,0.0,0.0,0.0,0.0,0.846,12.6,0.0,0.0,0.0,0.0,0.0,0.0,0.0,0.0,0.0,0.0
Quincy Acy,247.8,0.0,0.0,1.306,35.4,0.0,0.0,0.895,35.4,0.0,0.0,1.181,70.8,0.0,0.0,1.49,47.2,0.0,0.0,1.114,35.4,0.833,23.6
Rajon Rondo,1130.3999999999999,0.75,86.39999999999999,0.671,223.20000000000002,0.749,446.40000000000003,0.0,0.0,0.0,0.0,0.903,172.79999999999998,0.889,28.8,1.14,43.199999999999996,0.0,0.0,0.893,28.8,0.446,100.8
Ramon Sessions,820.0,0.933,32.800000000000004,1.088,213.20000000000002,0.866,287.0,0.0,0.0,0.0,0.0,0.891,147.6,1.276,32.800000000000004,1.419,41.0,1.04,24.599999999999998,0.0,0.0,0.738,41.0
Randy Foye,383.40000000000003,1.727,10.8,0.75,37.8,0.813,145.8,0.0,0.0,0.0,0.0,0.869,124.19999999999999,0.692,27.0,0.0,0.0,0.563,16.2,0.0,0.0,0.55,21.6
Rashad Vaughn,273.0,0.0,0.0,0.915,56.0,0.545,21.0,0.0,0.0,0.0,0.0,0.693,140.0,0.786,14.0,0.0,0.0,0.75,42.0,0.0,0.0,0.0,0.0
Raul Neto,550.8,1.194,32.4,1.0,81.0,0.626,153.9,0.0,0.0,0.0,0.0,1.076,186.29999999999998,0.684,56.699999999999996,0.917,8.1,0.0,0.0,0.0,0.0,0.138,32.4
Ray McCallum,82.0,0.0,0.0,0.813,16.0,0.613,31.0,0.0,0.0,0.0,0.0,1.077,13.0,0.833,12.0,0.0,0.0,0.8,10.0,0.0,0.0,0.0,0.0
Raymond Felton,888.0,0.856,88.0,1.026,80.0,0.775,400.0,0.0,0.0,0.0,0.0,0.898,200.0,1.304,24.0,1.375,16.0,0.9,24.0,0.0,0.0,0.828,56.0
Reggie Bullock,81.39999999999999,0.0,0.0,1.056,18.5,0.0,0.0,0.0,0.0,0.0,0.0,1.288,51.8,1.0,11.1,0.0,0.0,0.0,0.0,0.0,0.0,0.0,0.0
Reggie Jackson,1603.7,0.863,181.7,0.976,213.3,0.876,892.7,0.0,0.0,0.0,0.0,1.168,134.29999999999998,0.545,31.6,1.588,15.8,0.7,23.7,0.905,23.7,0.933,86.9
Richard Jefferson,384.8,0.75,14.8,1.313,66.60000000000001,0.96,22.2,0.0,0.0,0.0,0.0,1.048,185.0,1.032,29.6,1.571,22.2,0.895,22.2,0.0,0.0,0.3,22.2
Richaun Holmes,275.4,0.0,0.0,1.458,25.5,0.0,0.0,1.033,61.199999999999996,0.833,10.200000000000001,0.61,40.800000000000004,0.0,0.0,1.24,76.5,0.0,0.0,1.282,40.800000000000004,0.0,20.400000000000002
Ricky Rubio,896.8000000000001,0.944,38.0,0.918,167.20000000000002,0.69,372.40000000000003,0.0,0.0,0.0,0.0,0.885,205.20000000000002,0.946,38.0,0.4,7.6000000000000005,0.0,0.0,0.0,0.0,0.866,68.4
Robert Covington,924.6,0.605,40.199999999999996,1.027,187.6,0.262,40.199999999999996,1.353,53.6,0.0,0.0,0.933,341.7,0.973,73.7,1.0,33.5,1.0,46.9,1.111,33.5,0.622,73.7
Robert Sacre,102.5,0.0,0.0,0.0,0.0,0.0,0.0,1.04,25.0,0.684,20.0,0.818,10.0,0.0,0.0,0.733,15.0,0.0,0.0,0.944,17.5,0.6,15.0
Robin Lopez,877.3999999999999,0.615,16.400000000000002,1.182,24.599999999999998,0.0,0.0,1.035,114.8,0.894,254.20000000000002,0.727,32.800000000000004,0.0,0.0,1.13,164.0,0.0,0.0,1.184,196.79999999999998,0.333,73.8
Rodney Hood,1168.0,1.078,104.0,1.196,88.0,0.876,344.0,0.0,0.0,0.966,32.0,1.089,336.0,0.908,128.0,1.167,24.0,0.604,48.0,1.158,16.0,0.277,48.0
Rodney Stuckey,574.1999999999999,0.727,34.8,1.175,127.60000000000001,0.761,185.60000000000002,0.0,0.0,0.0,0.0,0.916,92.80000000000001,0.706,52.2,1.158,17.4,1.148,29.0,0.0,0.0,0.406,34.8
Rondae Hollis-Jefferson,165.3,0.545,11.600000000000001,1.0,40.599999999999994,0.857,20.299999999999997,0.0,0.0,0.0,0.0,0.844,46.400000000000006,0.0,0.0,1.313,17.4,0.0,0.0,0.722,17.4,0.909,11.600000000000001
Ronnie Price,378.2,0.784,37.199999999999996,1.164,68.2,0.705,80.60000000000001,0.0,0.0,0.0,0.0,1.016,124.0,0.742,31.0,0.0,0.0,0.273,12.4,0.0,0.0,0.2,24.8
Roy Hibbert,542.6999999999999,0.0,0.0,0.889,16.2,0.0,0.0,0.926,97.2,0.673,162.0,0.91,64.8,0.0,0.0,1.185,64.8,0.0,0.0,1.232,72.9,0.532,64.8
Rudy Gay,1267.0,0.746,196.0,1.24,231.0,1.034,91.0,0.823,63.0,0.955,133.0,0.91,245.0,0.857,28.0,1.053,77.0,0.811,77.0,0.938,77.0,0.688,49.0
Rudy Gobert,603.9,0.545,12.200000000000001,1.1,42.699999999999996,0.0,0.0,1.085,103.7,0.667,24.400000000000002,0.692,12.200000000000001,0.0,0.0,1.017,176.9,0.0,0.0,1.043,140.29999999999998,0.409,91.5
Russell Westbrook,2048.0,0.744,256.0,1.145,472.0,0.85,720.0,0.0,0.0,0.953,192.0,0.844,144.0,0.872,48.0,1.237,40.0,1.05,24.0,0.852,64.0,0.64,88.0
Ryan Anderson,1108.8,0.816,105.60000000000001,1.194,92.39999999999999,0.923,26.400000000000002,1.065,165.0,1.005,198.0,0.946,224.4,0.867,13.200000000000001,1.103,26.400000000000002,1.061,112.2,0.952,105.60000000000001,0.762,39.6
Ryan Hollins,55.8,0.0,0.0,0.0,0.0,0.0,0.0,1.3,10.799999999999999,0.0,0.0,0.0,0.0,0.0,0.0,1.238,21.599999999999998,0.0,0.0,1.231,12.6,0.1,10.799999999999999
Ryan Kelly,183.60000000000002,0.769,14.4,1.111,28.8,0.0,0.0,0.667,21.599999999999998,0.611,18.0,0.705,61.199999999999996,0.0,0.0,1.4,10.799999999999999,0.0,0.0,1.133,14.4,0.231,14.4
Salah Mejri,105.39999999999998,0.0,0.0,0.0,0.0,0.0,0.0,1.345,30.6,0.0,0.0,0.0,0.0,0.0,0.0,1.021,47.599999999999994,0.0,0.0,1.071,13.600000000000001,0.357,13.600000000000001
Sasha Vujacic,317.2,0.0,0.0,0.8,48.800000000000004,0.833,36.6,0.0,0.0,0.0,0.0,0.975,115.89999999999999,0.7,42.699999999999996,0.0,0.0,0.909,54.9,0.0,0.0,0.714,18.3
Sean Kilpatrick,294.79999999999995,1.364,11.0,1.154,66.0,1.0,57.2,0.0,0.0,0.0,0.0,1.032,94.6,0.636,11.0,1.2,19.8,1.0,24.200000000000003,0.0,0.0,0.545,11.0
Serge Ibaka,1021.8000000000001,0.333,15.600000000000001,1.133,124.80000000000001,0.0,0.0,0.96,280.8,1.0,31.200000000000003,0.896,304.2,0.0,0.0,1.204,101.4,0.762,23.4,1.183,70.2,0.478,70.2
Seth Curry,272.8,0.615,13.2,1.265,48.400000000000006,0.756,79.2,0.0,0.0,0.0,0.0,1.237,74.8,0.923,13.2,0.0,0.0,1.161,30.799999999999997,0.0,0.0,0.462,13.2
Shabazz Muhammad,852.8,0.622,41.0,1.19,172.20000000000002,0.915,57.4,0.0,0.0,0.953,82.0,0.82,180.4,0.694,32.800000000000004,1.474,82.0,0.844,90.2,1.272,82.0,0.636,32.800000000000004
Shabazz Napier,236.5,0.842,16.5,0.359,38.5,0.664,104.5,0.0,0.0,0.0,0.0,1.162,66.0,0.308,11.0,0.0,0.0,0.0,0.0,0.0,0.0,0.0,0.0
Shane Larkin,694.1999999999999,1.233,46.8,1.0,101.4,0.673,327.6,0.0,0.0,0.0,0.0,0.919,85.80000000000001,1.045,46.8,1.243,39.0,0.0,0.0,0.0,0.0,0.383,46.8
Shaun Livingston,483.6000000000001,0.941,31.200000000000003,1.187,78.0,0.746,62.400000000000006,0.0,0.0,1.0,93.6,1.089,46.8,0.55,23.4,1.284,85.80000000000001,0.0,0.0,0.722,15.600000000000001,0.489,46.8
Shelvin Mack,408.79999999999995,1.034,28.0,1.105,56.0,0.673,151.20000000000002,0.0,0.0,0.0,0.0,0.97,100.8,0.98,50.4,0.0,0.0,0.0,0.0,0.0,0.0,0.217,22.400000000000002
Solomon Hill,247.79999999999998,0.647,17.7,1.036,53.1,0.308,11.8,1.231,11.8,0.0,0.0,0.8,76.7,0.0,0.0,1.407,29.5,1.154,11.8,1.111,17.7,0.722,17.7
Sonny Weems,111.0,0.0,0.0,0.737,18.5,0.586,29.6,0.0,0.0,0.0,0.0,0.909,33.300000000000004,0.733,14.8,0.462,14.8,0.0,0.0,0.0,0.0,0.0,0.0
Spencer Dinwiddie,58.8,0.857,14.399999999999999,0.5,9.600000000000001,0.743,34.8,0.0,0.0,0.0,0.0,0.0,0.0,0.0,0.0,0.0,0.0,0.0,0.0,0.0,0.0,0.0,0.0
Spencer Hawes,381.9,0.417,11.4,1.105,17.099999999999998,0.0,0.0,1.014,68.39999999999999,0.796,51.300000000000004,0.911,114.0,0.0,0.0,1.0,51.300000000000004,0.0,0.0,1.034,28.5,0.231,39.9
Stanley Johnson,759.2000000000002,0.6,73.0,0.986,138.7,0.618,167.89999999999998,0.0,0.0,0.576,36.5,0.8,197.10000000000002,0.784,51.099999999999994,1.5,14.600000000000001,0.667,14.600000000000001,0.941,36.5,0.733,29.200000000000003
Stephen Curry,2006.6,1.075,197.5,1.215,402.9,1.11,529.3000000000001,0.933,15.8,0.0,0.0,1.495,181.7,1.179,94.8,1.317,118.5,1.196,284.40000000000003,0.938,31.6,0.789,150.1
Steve Blake,330.6,0.8,11.600000000000001,0.429,29.0,0.745,139.2,0.0,0.0,0.0,0.0,1.128,75.4,0.524,23.200000000000003,0.0,0.0,1.333,11.600000000000001,0.0,0.0,0.308,40.599999999999994
Steven Adams,608.0,0.0,0.0,1.357,40.0,0.0,0.0,1.122,152.0,0.886,48.0,0.0,0.0,0.0,0.0,1.29,176.0,0.0,0.0,0.957,120.0,0.443,72.0
T.J. McConnell,623.7000000000002,0.884,40.5,0.756,81.0,0.808,283.5,0.0,0.0,0.0,0.0,0.923,81.0,0.761,48.6,1.125,16.2,0.842,16.2,0.615,16.2,0.3,40.5
T.J. Warren,493.5,0.857,18.8,1.085,117.5,0.865,51.7,0.0,0.0,0.0,0.0,1.116,112.8,0.364,23.5,1.239,47.0,1.273,56.4,1.0,47.0,0.619,18.8
Taj Gibson,642.4,1.364,14.600000000000001,1.069,29.200000000000003,0.0,0.0,0.883,80.30000000000001,0.891,153.3,1.189,36.5,0.0,0.0,1.066,167.89999999999998,0.0,0.0,1.05,116.80000000000001,0.537,43.8
Tarik Black,136.0,0.0,0.0,0.0,0.0,0.0,0.0,1.0,44.0,0.733,16.0,0.0,0.0,0.0,0.0,1.4,24.0,0.0,0.0,0.9,32.0,0.222,20.0
Tayshaun Prince,246.39999999999998,0.0,0.0,1.167,38.5,0.667,23.099999999999998,0.4,7.7,0.762,23.099999999999998,0.828,115.5,0.0,0.0,0.957,23.099999999999998,0.0,0.0,0.0,0.0,0.5,15.4
Terrence Jones,450.0,0.63,25.0,1.192,80.0,0.0,0.0,1.107,55.00000000000001,0.784,35.0,0.89,110.00000000000001,0.0,0.0,1.072,70.0,0.0,0.0,0.951,40.0,0.405,35.0
Terrence Ross,686.1999999999999,0.738,43.8,1.292,94.9,0.768,80.30000000000001,0.0,0.0,0.0,0.0,1.126,240.89999999999998,0.737,36.5,0.0,0.0,1.024,167.89999999999998,0.0,0.0,0.789,21.9
Thabo Sefolosha,480.0,0.0,0.0,1.04,127.5,0.75,45.0,0.0,0.0,0.0,0.0,1.014,142.5,1.211,22.5,1.273,67.5,1.313,15.0,0.905,22.5,0.629,37.5
Thaddeus Young,1167.9999999999998,0.806,94.9,0.942,189.8,1.0,21.9,1.042,211.7,0.925,189.8,0.734,109.5,0.0,0.0,1.091,189.8,0.929,14.600000000000001,0.913,102.19999999999999,0.6,43.8
Thomas Robinson,397.6,0.444,28.400000000000002,1.135,35.5,0.0,0.0,0.774,106.5,0.3,21.3,0.458,21.3,0.0,0.0,1.042,49.699999999999996,0.0,0.0,0.99,99.39999999999999,0.108,35.5
Tiago Splitter,190.80000000000004,0.0,0.0,1.7,10.799999999999999,0.0,0.0,0.75,32.4,0.889,28.8,0.0,0.0,0.0,0.0,1.273,75.60000000000001,0.0,0.0,1.033,28.8,0.071,14.4
Tim Duncan,567.3,0.0,0.0,1.038,24.400000000000002,0.0,0.0,0.965,140.29999999999998,0.861,152.5,0.839,30.5,0.0,0.0,1.105,103.7,0.0,0.0,1.375,48.800000000000004,0.242,67.10000000000001
Tim Frazier,209.6,0.935,30.4,0.85,40.0,0.837,104.0,0.0,0.0,0.0,0.0,0.84,25.6,0.0,0.0,0.0,0.0,0.0,0.0,0.0,0.0,0.5,9.6
Tim Hardaway Jr.,290.7,0.0,0.0,1.205,81.60000000000001,0.538,25.5,0.0,0.0,0.0,0.0,0.955,112.2,0.913,25.5,0.0,0.0,0.946,35.699999999999996,0.0,0.0,1.25,10.200000000000001
Timofey Mozgov,456.0,0.0,0.0,1.206,30.400000000000002,0.0,0.0,1.215,76.0,0.741,83.60000000000001,0.574,45.6,0.0,0.0,1.309,152.0,0.0,0.0,1.024,38.0,0.067,30.400000000000002
Tobias Harris,694.3,0.804,49.0,1.212,117.6,0.986,70.2,1.111,45.9,0.825,58.8,0.89,147.0,0.381,19.6,1.354,63.7,0.971,34.3,1.132,53.900000000000006,0.606,34.3
Toney Douglas,542.9,0.737,36.6,1.208,97.60000000000001,0.791,207.4,0.0,0.0,0.0,0.0,1.176,109.8,0.951,42.699999999999996,1.294,18.3,0.0,0.0,0.0,0.0,0.636,30.5
Tony Allen,582.4,0.929,25.6,1.077,140.8,0.968,32.0,0.0,0.0,0.6,12.8,0.75,140.8,0.5,19.2,0.962,102.4,0.0,0.0,0.803,64.0,0.75,44.8
Tony Parker,907.2,0.667,50.4,1.026,115.2,0.925,468.0,0.0,0.0,0.0,0.0,1.018,108.0,0.75,43.199999999999996,1.64,21.599999999999998,0.797,64.8,0.0,0.0,0.737,36.0
Tony Snell,416.00000000000006,0.828,32.0,1.015,70.4,0.58,70.4,0.0,0.0,0.0,0.0,0.875,134.4,0.775,38.4,1.0,19.2,1.417,12.8,1.273,12.8,0.348,25.6
Tony Wroten,97.6,0.5,14.4,0.714,28.0,0.405,36.8,0.0,0.0,0.0,0.0,0.667,18.4,0.0,0.0,0.0,0.0,0.0,0.0,0.0,0.0,0.0,0.0
Trevor Ariza,1044.8999999999999,0.75,40.5,1.312,251.1,0.635,72.9,0.857,16.2,0.0,0.0,0.893,421.2,1.073,40.5,1.278,32.4,1.023,89.10000000000001,0.813,32.4,0.533,48.6
Trevor Booker,513.5,0.2,7.9,1.09,63.2,0.0,0.0,0.976,86.9,0.765,15.8,0.716,86.9,0.0,0.0,1.147,94.8,0.0,0.0,0.95,102.7,0.415,55.3
Trey Burke,736.0,0.902,51.2,0.967,89.6,0.842,256.0,0.0,0.0,0.0,0.0,0.989,179.2,0.84,102.4,0.0,0.0,1.24,25.6,0.0,0.0,0.367,32.0
Trey Lyles,536.0,0.909,24.0,1.077,56.0,0.0,0.0,0.906,88.0,0.917,16.0,0.927,232.0,0.0,0.0,1.052,56.0,0.455,8.0,0.903,32.0,0.227,24.0
Tristan Thompson,582.2,0.0,0.0,1.419,41.0,0.0,0.0,1.29,123.0,0.824,32.800000000000004,1.067,16.400000000000002,0.0,0.0,1.12,164.0,0.0,0.0,1.043,139.4,0.667,65.60000000000001
Troy Daniels,206.4,0.0,0.0,1.429,21.5,0.278,17.2,0.0,0.0,0.0,0.0,1.475,81.7,1.0,21.5,0.0,0.0,0.962,51.6,0.0,0.0,0.455,12.9
Ty Lawson,392.2,0.625,31.799999999999997,0.977,84.80000000000001,0.654,132.5,0.0,0.0,0.0,0.0,0.922,100.69999999999999,0.733,15.899999999999999,0.0,0.0,0.0,0.0,0.0,0.0,0.154,26.5
Tyler Ennis,239.20000000000002,0.882,18.400000000000002,0.865,36.800000000000004,0.788,101.2,0.0,0.0,0.0,0.0,0.98,50.6,0.75,13.799999999999999,0.0,0.0,0.0,0.0,0.0,0.0,0.5,18.400000000000002
Tyler Johnson,313.2,1.0,14.4,0.778,36.0,0.932,86.39999999999999,0.0,0.0,0.0,0.0,1.035,86.39999999999999,1.233,28.8,1.833,10.799999999999999,1.5,14.4,1.091,10.799999999999999,0.32,25.2
Tyler Zeller,384.0,0.0,0.0,1.3,42.0,0.0,0.0,0.955,132.0,0.917,24.0,0.73,36.0,0.0,0.0,1.141,66.0,0.727,12.0,0.927,42.0,0.563,30.0
Tyreke Evans,412.5,0.77,75.0,1.065,62.5,0.843,165.0,0.0,0.0,0.0,0.0,1.229,47.5,0.655,30.0,0.0,0.0,0.0,0.0,1.0,10.0,0.435,22.5
Tyson Chandler,481.80000000000007,0.0,0.0,1.375,26.400000000000002,0.0,0.0,1.138,85.8,0.85,39.6,0.4,19.8,0.0,0.0,1.14,132.0,0.0,0.0,1.26,105.60000000000001,0.178,72.60000000000001
Tyus Jones,181.3,1.125,14.8,0.914,33.300000000000004,0.537,81.4,0.0,0.0,0.0,0.0,0.649,37.0,0.0,0.0,0.0,0.0,0.0,0.0,0.0,0.0,0.6,14.8
Victor Oladipo,1216.7999999999997,0.955,86.39999999999999,1.091,216.0,0.804,396.0,0.0,0.0,0.0,0.0,1.019,216.0,0.802,108.0,1.368,57.6,0.982,57.6,1.0,21.599999999999998,0.552,57.6
Vince Carter,408.0,0.3,18.0,0.769,42.0,0.821,66.0,0.0,0.0,0.735,36.0,1.155,114.0,0.688,30.0,1.412,18.0,1.273,36.0,0.85,18.0,1.0,30.0
Wayne Ellington,615.6,0.867,15.200000000000001,1.059,98.8,0.75,114.0,0.0,0.0,0.0,0.0,1.06,197.6,0.689,45.6,1.385,22.8,0.806,91.2,1.1,7.6000000000000005,0.2,22.8
Wesley Johnson,576.0,0.909,8.0,1.165,120.0,0.75,16.0,0.912,32.0,0.0,0.0,0.951,240.0,0.72,48.0,1.531,32.0,0.657,32.0,0.692,16.0,0.226,32.0
Wesley Matthews,990.5999999999998,0.93,54.599999999999994,1.111,109.19999999999999,0.736,93.6,0.692,15.600000000000001,0.898,101.4,1.115,358.79999999999995,0.723,62.400000000000006,0.852,23.4,0.949,117.0,1.091,7.800000000000001,0.909,46.8
Will Barton,1221.8,0.703,90.2,1.114,270.59999999999997,0.891,295.2,0.0,0.0,0.2,8.200000000000001,0.968,278.8,0.756,82.0,1.367,49.199999999999996,1.0,41.0,1.025,41.0,0.773,65.60000000000001
Willie Cauley-Stein,448.8,1.0,13.200000000000001,1.272,79.2,0.0,0.0,1.143,66.0,0.52,26.400000000000002,0.6,19.8,0.0,0.0,1.197,125.39999999999999,0.0,0.0,0.952,85.8,0.533,33.0
Willie Reed,152.1,0.0,0.0,0.0,0.0,0.0,0.0,1.182,42.900000000000006,0.8,15.600000000000001,0.0,0.0,0.0,0.0,1.185,54.599999999999994,0.0,0.0,1.077,39.0,0.0,0.0
Xavier Munford,75.60000000000001,0.0,0.0,0.647,16.8,0.763,37.800000000000004,0.0,0.0,0.0,0.0,1.143,21.0,0.0,0.0,0.0,0.0,0.0,0.0,0.0,0.0,0.0,0.0
Zach LaVine,1189.0,0.918,98.39999999999999,1.218,254.20000000000002,0.718,344.40000000000003,0.0,0.0,0.0,0.0,1.155,164.0,1.008,131.20000000000002,1.174,24.599999999999998,0.874,90.2,1.824,16.400000000000002,0.516,65.60000000000001
Zach Randolph,1101.6000000000001,0.886,176.8,1.176,34.0,0.0,0.0,0.963,108.80000000000001,0.845,401.20000000000005,0.847,108.80000000000001,0.0,0.0,1.333,68.0,1.071,13.600000000000001,1.178,129.2,0.567,61.2
Zaza Pachulia,714.4,1.025,38.0,1.172,30.400000000000002,0.0,0.0,0.969,129.2,0.867,30.400000000000002,0.738,68.4,0.0,0.0,1.031,228.0,0.0,0.0,0.917,106.39999999999999,0.422,83.60000000000001
