PLAYER_NAME,iso_freq,iso_ppp,tr_freq,tr_ppp,prb_freq,prb_ppp,prr_freq,prr_ppp,pu_freq,pu_ppp,su_freq,su_ppp,ho_freq,ho_ppp,cut_freq,cut_ppp,os_freq,os_ppp,putback_freq,putback_ppp,misc_freq,misc_ppp
Aaron Gordon,0.09,0.823,0.201,0.963,0.094,0.72,0.053,1.25,0.09,0.906,0.213,0.991,0.047,0.8,0.058,1.387,0.067,0.944,0.05,1.226,0.038,0.537
Aaron Harrison,0.0,0.0,0.15,0.917,0.175,0.5,0.0,0.0,0.0,0.0,0.413,0.727,0.0,0.0,0.0,0.0,0.0,0.0,0.0,0.0,0.0,0.0
Abdel Nader,0.0,0.0,0.161,0.813,0.151,0.633,0.0,0.0,0.0,0.0,0.397,0.658,0.05,0.8,0.0,0.0,0.07,1.071,0.0,0.0,0.0,0.0
Al Horford,0.035,1.121,0.08,0.947,0.026,0.875,0.205,1.203,0.265,0.823,0.183,1.25,0.0,0.0,0.062,1.19,0.021,0.65,0.042,1.0,0.071,0.254
Al Jefferson,0.0,0.0,0.0,0.0,0.0,0.0,0.233,1.071,0.408,1.092,0.05,0.833,0.0,0.0,0.129,1.29,0.0,0.0,0.092,0.955,0.0,0.0
Al-Farouq Aminu,0.024,0.588,0.132,1.011,0.016,0.273,0.126,1.045,0.0,0.0,0.473,0.948,0.023,0.875,0.055,1.0,0.014,0.7,0.073,0.98,0.052,0.583
Alan Williams,0.0,0.0,0.0,0.0,0.0,0.0,0.379,0.455,0.0,0.0,0.0,0.0,0.0,0.0,0.0,0.0,0.0,0.0,0.0,0.0,0.0,0.0
Alec Burks,0.113,0.85,0.166,1.045,0.236,0.768,0.0,0.0,0.0,0.0,0.257,0.993,0.087,0.913,0.047,1.36,0.042,0.773,0.0,0.0,0.038,0.8
Alec Peters,0.0,0.0,0.171,0.929,0.0,0.0,0.0,0.0,0.0,0.0,0.39,1.031,0.0,0.0,0.0,0.0,0.122,1.3,0.0,0.0,0.0,0.0
Alex Abrines,0.03,0.3,0.159,1.396,0.066,0.591,0.0,0.0,0.0,0.0,0.491,1.085,0.033,1.0,0.0,0.0,0.09,1.0,0.036,0.917,0.048,0.688
Alex Caruso,0.0,0.0,0.195,0.97,0.302,0.784,0.0,0.0,0.0,0.0,0.166,0.786,0.0,0.0,0.083,1.429,0.0,0.0,0.0,0.0,0.101,0.471
Alex Len,0.018,1.0,0.057,1.281,0.0,0.0,0.211,1.22,0.129,0.903,0.039,0.545,0.0,0.0,0.213,1.37,0.0,0.0,0.22,1.073,0.109,0.311
Allen Crabbe,0.031,1.069,0.149,1.028,0.068,0.641,0.0,0.0,0.0,0.0,0.305,1.221,0.147,0.763,0.02,1.0,0.239,1.084,0.0,0.0,0.03,0.75
Amir Johnson,0.0,0.0,0.09,0.969,0.0,0.0,0.107,1.079,0.065,0.478,0.121,1.023,0.0,0.0,0.268,1.242,0.0,0.0,0.18,1.063,0.146,0.308
Andre Drummond,0.083,0.731,0.088,1.153,0.0,0.0,0.111,1.043,0.131,0.83,0.03,0.605,0.0,0.0,0.16,1.249,0.0,0.0,0.267,1.09,0.13,0.227
Andre Iguodala,0.054,0.609,0.261,1.072,0.054,1.0,0.0,0.0,0.045,0.579,0.256,0.697,0.054,1.0,0.096,1.39,0.042,1.333,0.045,1.0,0.075,0.344
Andre Roberson,0.0,0.0,0.201,1.071,0.0,0.0,0.0,0.0,0.0,0.0,0.206,0.651,0.0,0.0,0.297,1.242,0.0,0.0,0.153,0.938,0.096,0.35
Andrew Harrison,0.103,0.767,0.138,1.175,0.426,0.927,0.0,0.0,0.0,0.0,0.193,0.92,0.043,1.12,0.017,1.3,0.0,0.0,0.0,0.0,0.059,0.265
Andrew White III,0.0,0.0,0.171,1.143,0.0,0.0,0.0,0.0,0.0,0.0,0.524,0.86,0.0,0.0,0.0,0.0,0.0,0.0,0.0,0.0,0.0,0.0
Andrew Wiggins,0.087,0.667,0.129,1.044,0.235,0.801,0.015,0.958,0.099,0.949,0.208,0.9,0.08,0.803,0.06,1.521,0.019,0.867,0.032,1.333,0.034,0.736
Anthony Davis,0.076,0.81,0.135,1.253,0.014,1.148,0.142,1.177,0.187,0.969,0.123,0.957,0.015,0.857,0.115,1.577,0.057,0.802,0.074,1.453,0.064,0.867
Anthony Tolliver,0.0,0.0,0.171,1.38,0.0,0.0,0.074,1.093,0.0,0.0,0.497,1.307,0.027,1.188,0.057,1.242,0.063,0.892,0.029,1.235,0.067,0.282
Antonio Blakeney,0.124,0.81,0.265,1.2,0.176,0.767,0.0,0.0,0.0,0.0,0.229,0.744,0.124,0.952,0.0,0.0,0.0,0.0,0.0,0.0,0.0,0.0
Aron Baynes,0.0,0.0,0.025,0.857,0.0,0.0,0.202,1.026,0.147,0.759,0.128,0.792,0.0,0.0,0.216,1.033,0.0,0.0,0.149,0.988,0.128,0.333
Arron Afflalo,0.0,0.0,0.144,1.214,0.056,0.0,0.0,0.0,0.128,0.72,0.405,0.987,0.051,0.4,0.0,0.0,0.103,1.1,0.0,0.0,0.0,0.0
Austin Rivers,0.218,1.06,0.083,0.976,0.395,0.838,0.0,0.0,0.0,0.0,0.158,0.987,0.06,0.763,0.029,1.379,0.022,0.864,0.0,0.0,0.024,0.542
Avery Bradley,0.029,0.65,0.154,1.065,0.078,0.667,0.0,0.0,0.0,0.0,0.163,1.159,0.321,0.704,0.072,1.06,0.115,0.775,0.022,0.867,0.047,0.636
Bam Adebayo,0.025,1.0,0.089,1.186,0.0,0.0,0.208,1.01,0.113,0.655,0.056,1.037,0.0,0.0,0.258,1.2,0.0,0.0,0.151,0.986,0.089,0.372
Ben McLemore,0.0,0.0,0.169,1.051,0.119,0.564,0.0,0.0,0.0,0.0,0.297,1.051,0.076,0.971,0.087,1.25,0.13,0.65,0.035,1.188,0.074,0.441
Ben Simmons,0.09,0.876,0.193,1.007,0.299,0.81,0.0,0.0,0.092,0.687,0.048,0.652,0.021,0.8,0.09,1.484,0.008,0.667,0.05,1.208,0.103,0.571
Bismack Biyombo,0.0,0.0,0.051,1.269,0.0,0.0,0.24,0.877,0.045,0.522,0.026,0.615,0.0,0.0,0.337,1.175,0.0,0.0,0.167,0.965,0.128,0.354
Blake Griffin,0.111,0.953,0.104,1.185,0.112,0.724,0.134,1.25,0.227,0.869,0.137,0.962,0.014,0.818,0.049,1.211,0.032,1.059,0.039,1.133,0.057,0.409
Bobby Portis,0.044,0.907,0.097,1.263,0.0,0.0,0.194,1.053,0.141,0.935,0.231,0.996,0.011,1.0,0.07,1.029,0.027,1.115,0.128,0.96,0.054,0.34
Bogdan Bogdanovic,0.055,0.904,0.113,1.255,0.309,0.832,0.0,0.0,0.02,1.158,0.188,1.181,0.102,0.896,0.035,1.273,0.105,0.808,0.0,0.0,0.064,0.533
Bojan Bogdanovic,0.039,0.561,0.259,1.275,0.069,0.917,0.016,1.118,0.026,0.852,0.223,1.065,0.063,1.046,0.042,1.182,0.212,1.05,0.013,1.214,0.037,0.921
Bradley Beal,0.129,0.864,0.151,1.254,0.279,0.886,0.0,0.0,0.011,1.2,0.098,1.134,0.07,0.953,0.04,1.205,0.156,1.0,0.014,1.038,0.049,0.7
Brandan Wright,0.0,0.0,0.116,1.5,0.0,0.0,0.281,1.206,0.083,0.8,0.0,0.0,0.0,0.0,0.256,1.226,0.0,0.0,0.14,1.118,0.0,0.0
Brandon Ingram,0.142,0.776,0.174,1.172,0.295,0.787,0.0,0.0,0.036,0.784,0.119,1.089,0.072,0.8,0.057,1.271,0.024,0.8,0.038,1.026,0.042,0.512
Brandon Jennings,0.0,0.0,0.213,0.75,0.372,0.886,0.0,0.0,0.0,0.0,0.245,0.826,0.0,0.0,0.0,0.0,0.0,0.0,0.0,0.0,0.0,0.0
Briante Weber,0.0,0.0,0.344,0.636,0.438,1.071,0.0,0.0,0.0,0.0,0.0,0.0,0.0,0.0,0.0,0.0,0.0,0.0,0.0,0.0,0.0,0.0
Brook Lopez,0.026,1.16,0.082,1.0,0.0,0.0,0.182,1.087,0.255,0.955,0.271,1.019,0.0,0.0,0.046,1.227,0.017,1.063,0.056,1.415,0.061,0.362
Bruno Caboclo,0.0,0.0,0.0,0.0,0.0,0.0,0.0,0.0,0.0,0.0,0.457,0.563,0.0,0.0,0.0,0.0,0.0,0.0,0.0,0.0,0.0,0.0
Bryn Forbes,0.0,0.0,0.166,1.14,0.173,0.876,0.0,0.0,0.0,0.0,0.428,1.025,0.112,0.857,0.0,0.0,0.078,1.136,0.0,0.0,0.018,0.1
Buddy Hield,0.072,0.859,0.228,1.081,0.192,0.731,0.0,0.0,0.0,0.0,0.205,1.135,0.084,1.011,0.029,1.065,0.106,1.113,0.03,0.848,0.05,0.667
C.J. Williams,0.048,1.182,0.185,0.905,0.115,0.808,0.0,0.0,0.0,0.0,0.388,0.932,0.053,0.667,0.097,1.409,0.0,0.0,0.0,0.0,0.044,0.8
CJ McCollum,0.13,1.0,0.139,0.906,0.331,0.919,0.0,0.0,0.0,0.0,0.131,1.333,0.081,0.768,0.016,1.357,0.117,0.985,0.018,1.063,0.032,0.667
CJ Miles,0.0,0.0,0.163,0.764,0.051,0.971,0.0,0.0,0.0,0.0,0.403,1.184,0.08,1.056,0.0,0.0,0.226,1.046,0.015,1.3,0.037,0.76
Cameron Payne,0.058,0.733,0.183,1.234,0.393,0.663,0.0,0.0,0.0,0.0,0.187,1.125,0.07,0.611,0.0,0.0,0.0,0.0,0.0,0.0,0.039,0.2
Caris LeVert,0.119,0.895,0.168,1.168,0.342,0.717,0.0,0.0,0.0,0.0,0.206,1.0,0.043,0.732,0.024,0.783,0.032,0.806,0.028,1.407,0.039,0.595
Carmelo Anthony,0.181,0.89,0.129,1.046,0.109,0.864,0.069,0.839,0.144,0.841,0.239,1.019,0.0,0.0,0.013,1.556,0.026,1.257,0.038,0.961,0.046,0.452
Chandler Parsons,0.0,0.0,0.147,0.976,0.283,1.038,0.0,0.0,0.0,0.0,0.326,1.044,0.0,0.0,0.0,0.0,0.043,1.167,0.0,0.0,0.036,0.3
Channing Frye,0.0,0.0,0.104,0.35,0.0,0.0,0.161,1.387,0.063,1.5,0.422,1.086,0.0,0.0,0.063,1.417,0.068,1.231,0.0,0.0,0.052,0.2
Cheick Diallo,0.0,0.0,0.104,1.417,0.0,0.0,0.273,1.254,0.052,0.833,0.117,0.852,0.0,0.0,0.225,1.327,0.0,0.0,0.117,0.963,0.087,0.35
Chris Paul,0.293,1.101,0.126,1.086,0.364,1.022,0.0,0.0,0.033,1.059,0.058,1.271,0.022,1.091,0.0,0.0,0.014,0.786,0.0,0.0,0.071,0.708
Clint Capela,0.022,0.5,0.121,1.343,0.0,0.0,0.321,1.336,0.036,0.625,0.011,1.0,0.0,0.0,0.269,1.25,0.0,0.0,0.139,1.113,0.067,0.2
Cody Zeller,0.0,0.0,0.067,1.6,0.0,0.0,0.244,0.891,0.0,0.0,0.098,0.955,0.0,0.0,0.187,1.286,0.076,1.059,0.151,1.0,0.133,0.7
Corey Brewer,0.0,0.0,0.335,1.138,0.089,0.667,0.0,0.0,0.0,0.0,0.382,1.227,0.0,0.0,0.145,1.382,0.0,0.0,0.06,0.643,0.075,0.692
Cory Joseph,0.063,0.587,0.148,0.908,0.347,0.82,0.0,0.0,0.0,0.0,0.248,1.071,0.076,0.964,0.016,0.75,0.022,0.875,0.014,1.2,0.061,0.533
Courtney Lee,0.082,0.836,0.184,1.227,0.252,0.874,0.0,0.0,0.0,0.0,0.234,1.068,0.067,0.932,0.027,1.417,0.103,0.945,0.015,1.077,0.033,0.828
Cristiano Felicio,0.036,0.727,0.101,1.29,0.0,0.0,0.277,1.306,0.114,0.771,0.081,0.52,0.0,0.0,0.147,1.356,0.0,0.0,0.124,0.842,0.107,0.273
D'Angelo Russell,0.123,0.86,0.13,0.717,0.435,0.828,0.0,0.0,0.015,0.923,0.124,1.102,0.039,0.794,0.015,1.538,0.059,0.804,0.013,1.091,0.044,0.447
D.J. Augustin,0.051,0.974,0.166,0.886,0.378,1.004,0.0,0.0,0.0,0.0,0.196,1.372,0.065,0.875,0.023,1.294,0.051,1.132,0.0,0.0,0.058,0.488
Damian Lillard,0.158,1.062,0.106,1.118,0.474,1.046,0.0,0.0,0.0,0.0,0.061,0.955,0.07,1.164,0.02,1.324,0.052,1.053,0.015,1.0,0.04,0.644
Damion Lee,0.0,0.0,0.213,1.158,0.146,0.615,0.0,0.0,0.0,0.0,0.287,0.804,0.084,1.0,0.0,0.0,0.09,1.063,0.0,0.0,0.062,0.364
Damyean Dotson,0.0,0.0,0.2,1.027,0.124,0.435,0.0,0.0,0.0,0.0,0.308,1.053,0.0,0.0,0.081,1.2,0.141,0.885,0.0,0.0,0.0,0.0
Daniel Theis,0.0,0.0,0.056,1.167,0.0,0.0,0.282,1.011,0.05,1.0,0.161,1.019,0.0,0.0,0.155,1.54,0.0,0.0,0.161,1.096,0.124,0.3
Danilo Gallinari,0.16,0.863,0.154,0.98,0.047,1.333,0.066,0.857,0.1,0.906,0.257,1.256,0.044,0.286,0.047,1.333,0.053,0.882,0.0,0.0,0.05,0.813
Danny Green,0.02,0.846,0.169,0.991,0.109,0.569,0.0,0.0,0.0,0.0,0.461,0.987,0.065,1.116,0.032,1.143,0.056,0.838,0.029,0.737,0.059,0.333
Dante Cunningham,0.0,0.0,0.147,1.079,0.0,0.0,0.253,0.732,0.0,0.0,0.45,0.974,0.0,0.0,0.244,1.222,0.0,0.0,0.086,1.214,0.05,0.077
Dante Exum,0.09,0.909,0.205,1.08,0.32,0.923,0.0,0.0,0.0,0.0,0.213,0.923,0.0,0.0,0.0,0.0,0.0,0.0,0.0,0.0,0.0,0.0
Danuel House Jr.,0.0,0.0,0.258,1.359,0.106,0.813,0.0,0.0,0.0,0.0,0.298,0.756,0.0,0.0,0.0,0.0,0.086,0.846,0.0,0.0,0.0,0.0
Dario Saric,0.032,1.0,0.173,0.954,0.027,0.867,0.045,0.902,0.08,0.867,0.316,1.107,0.032,0.833,0.111,1.184,0.074,1.072,0.065,1.0,0.045,0.588
Darius Miller,0.034,0.842,0.157,1.213,0.074,0.881,0.0,0.0,0.0,0.0,0.416,1.22,0.076,1.395,0.0,0.0,0.189,1.0,0.0,0.0,0.039,0.455
Darren Collison,0.07,0.982,0.249,1.169,0.315,0.951,0.0,0.0,0.0,0.0,0.202,1.222,0.056,1.091,0.022,1.529,0.02,0.625,0.018,0.857,0.045,1.0
David Nwaba,0.061,0.611,0.297,1.029,0.061,0.444,0.0,0.0,0.036,0.905,0.193,0.904,0.058,0.559,0.131,1.351,0.029,0.882,0.078,1.043,0.056,0.879
David West,0.0,0.0,0.085,1.19,0.0,0.0,0.14,1.101,0.183,0.856,0.157,0.857,0.0,0.0,0.159,1.449,0.073,1.083,0.085,1.238,0.093,0.283
Davis Bertans,0.0,0.0,0.146,1.426,0.026,0.273,0.095,1.275,0.0,0.0,0.513,1.047,0.038,0.875,0.053,1.318,0.033,1.571,0.0,0.0,0.062,0.385
Davon Reed,0.0,0.0,0.183,0.588,0.161,0.4,0.0,0.0,0.0,0.0,0.312,0.966,0.0,0.0,0.0,0.0,0.204,0.895,0.0,0.0,0.0,0.0
De'Aaron Fox,0.054,0.93,0.228,0.979,0.427,0.699,0.0,0.0,0.0,0.0,0.14,0.796,0.047,0.714,0.025,1.154,0.019,0.75,0.012,1.231,0.048,0.52
DeAndre Jordan,0.0,0.0,0.09,1.355,0.0,0.0,0.182,1.253,0.093,0.646,0.0,0.0,0.0,0.0,0.195,1.412,0.0,0.0,0.282,1.105,0.152,0.574
DeAndre Liggins,0.0,0.0,0.188,0.4,0.0,0.0,0.0,0.0,0.0,0.0,0.55,0.977,0.0,0.0,0.0,0.0,0.0,0.0,0.0,0.0,0.0,0.0
DeAndre' Bembry,0.0,0.0,0.215,0.854,0.272,0.481,0.0,0.0,0.0,0.0,0.267,0.902,0.052,0.8,0.0,0.0,0.0,0.0,0.0,0.0,0.079,0.533
DeMar DeRozan,0.133,1.029,0.097,1.256,0.41,0.917,0.0,0.0,0.07,0.828,0.095,1.0,0.039,0.958,0.022,1.2,0.08,1.055,0.013,1.375,0.04,0.836
DeMarcus Cousins,0.127,0.784,0.134,0.994,0.055,0.786,0.084,1.093,0.166,0.882,0.2,1.012,0.015,0.842,0.042,1.226,0.035,0.8,0.063,1.438,0.08,0.51
DeMarre Carroll,0.059,0.729,0.241,0.987,0.077,0.921,0.019,1.368,0.0,0.0,0.386,1.018,0.05,0.96,0.029,1.31,0.047,0.936,0.051,1.098,0.037,0.838
Dejounte Murray,0.076,0.656,0.209,0.952,0.335,0.699,0.0,0.0,0.0,0.0,0.129,0.702,0.022,0.944,0.087,1.186,0.0,0.0,0.072,1.0,0.056,0.556
Delon Wright,0.057,0.969,0.195,1.257,0.35,0.903,0.0,0.0,0.0,0.0,0.234,0.962,0.038,0.571,0.021,1.583,0.0,0.0,0.048,1.148,0.048,0.704
Dennis Schroder,0.151,1.088,0.073,0.905,0.49,0.876,0.0,0.0,0.0,0.0,0.085,0.77,0.073,0.952,0.0,0.0,0.076,0.89,0.0,0.0,0.041,0.621
Dennis Smith Jr.,0.187,0.803,0.167,1.041,0.321,0.708,0.0,0.0,0.013,0.706,0.106,0.855,0.063,0.793,0.018,1.391,0.047,0.918,0.016,1.0,0.061,0.266
Denzel Valentine,0.036,0.833,0.186,1.09,0.273,0.878,0.0,0.0,0.0,0.0,0.255,0.991,0.119,0.79,0.029,1.083,0.055,0.717,0.013,0.364,0.032,0.926
Derrick Favors,0.0,0.0,0.074,1.508,0.0,0.0,0.273,1.1,0.075,0.758,0.136,0.7,0.0,0.0,0.253,1.29,0.012,0.364,0.121,1.29,0.048,0.381
Derrick Jones Jr.,0.0,0.0,0.0,0.0,0.0,0.0,0.0,0.0,0.0,0.0,0.333,0.619,0.0,0.0,0.0,0.0,0.0,0.0,0.222,1.286,0.0,0.0
Derrick Rose,0.061,0.636,0.233,1.0,0.383,0.899,0.0,0.0,0.0,0.0,0.15,0.63,0.0,0.0,0.067,1.5,0.0,0.0,0.0,0.0,0.0,0.0
Devin Booker,0.117,0.826,0.198,1.063,0.282,0.848,0.0,0.0,0.055,0.987,0.077,1.132,0.059,0.778,0.027,1.378,0.124,1.076,0.01,1.429,0.047,0.828
Devin Harris,0.032,1.0,0.15,1.193,0.227,0.721,0.0,0.0,0.0,0.0,0.261,1.091,0.073,1.313,0.092,1.514,0.079,1.133,0.0,0.0,0.092,0.343
Dewayne Dedmon,0.0,0.0,0.076,1.267,0.0,0.0,0.261,1.052,0.02,0.667,0.256,0.987,0.0,0.0,0.156,1.359,0.017,1.3,0.09,1.264,0.1,0.39
Deyonta Davis,0.0,0.0,0.084,1.185,0.0,0.0,0.404,1.177,0.031,0.9,0.062,0.9,0.0,0.0,0.174,1.196,0.0,0.0,0.168,1.241,0.062,0.35
Dillon Brooks,0.06,0.845,0.172,1.09,0.234,0.687,0.0,0.0,0.01,0.6,0.258,1.092,0.068,0.833,0.054,1.346,0.054,1.019,0.022,1.048,0.065,0.381
Dion Waiters,0.173,0.798,0.125,0.891,0.324,0.88,0.0,0.0,0.0,0.0,0.205,0.829,0.074,0.947,0.0,0.0,0.064,0.758,0.0,0.0,0.025,0.385
Dirk Nowitzki,0.032,0.815,0.074,1.0,0.0,0.0,0.245,1.063,0.191,0.975,0.319,1.21,0.014,1.5,0.035,1.267,0.02,0.824,0.019,1.563,0.049,0.619
Domantas Sabonis,0.0,0.0,0.06,1.389,0.0,0.0,0.421,0.989,0.132,0.814,0.085,0.921,0.0,0.0,0.133,1.118,0.0,0.0,0.097,0.977,0.068,0.426
Donovan Mitchell,0.076,0.853,0.135,1.035,0.388,0.811,0.0,0.0,0.0,0.0,0.145,1.271,0.101,0.86,0.028,1.277,0.072,0.984,0.015,1.24,0.038,0.594
Dorian Finney-Smith,0.0,0.0,0.149,0.864,0.122,0.222,0.0,0.0,0.0,0.0,0.331,0.837,0.0,0.0,0.081,1.333,0.095,1.143,0.081,1.333,0.0,0.0
Doug McDermott,0.0,0.0,0.123,1.085,0.039,0.533,0.0,0.0,0.0,0.0,0.29,1.117,0.031,1.25,0.198,1.355,0.344,1.164,0.052,1.2,0.06,0.304
Dragan Bender,0.024,0.933,0.137,0.631,0.021,0.538,0.115,1.225,0.052,0.375,0.437,0.97,0.0,0.0,0.046,1.071,0.042,1.0,0.036,1.136,0.075,0.239
Draymond Green,0.045,0.875,0.198,0.876,0.038,0.794,0.08,0.819,0.072,0.754,0.243,0.867,0.0,0.0,0.13,1.444,0.019,0.941,0.047,0.762,0.12,0.287
Dwayne Bacon,0.058,0.923,0.156,1.0,0.258,0.603,0.0,0.0,0.0,0.0,0.342,0.844,0.062,0.929,0.0,0.0,0.089,0.65,0.0,0.0,0.0,0.0
Dwight Buycks,0.125,1.063,0.113,1.138,0.482,0.774,0.0,0.0,0.0,0.0,0.105,0.963,0.039,0.6,0.047,1.333,0.0,0.0,0.0,0.0,0.078,0.2
Dwight Howard,0.04,0.909,0.047,1.391,0.0,0.0,0.125,1.041,0.363,0.828,0.06,0.671,0.0,0.0,0.122,1.329,0.008,0.273,0.144,1.268,0.09,0.659
Dwight Powell,0.019,0.182,0.068,1.154,0.0,0.0,0.266,1.414,0.039,0.955,0.149,1.024,0.0,0.0,0.268,1.327,0.021,0.333,0.084,1.354,0.082,0.638
Dwyane Wade,0.115,0.731,0.166,0.928,0.279,0.804,0.0,0.0,0.123,0.778,0.08,1.043,0.021,1.0,0.096,1.357,0.0,0.0,0.034,1.1,0.068,0.4
E'Twaun Moore,0.032,0.935,0.274,1.129,0.076,0.603,0.01,1.6,0.011,1.182,0.296,1.077,0.053,1.078,0.06,1.448,0.112,1.074,0.034,1.061,0.041,0.55
Ed Davis,0.0,0.0,0.035,1.286,0.0,0.0,0.206,1.072,0.055,0.636,0.025,0.6,0.0,0.0,0.269,1.194,0.0,0.0,0.279,1.25,0.119,0.333
Ekpe Udoh,0.0,0.0,0.116,1.263,0.0,0.0,0.28,0.783,0.0,0.0,0.0,0.0,0.0,0.0,0.25,1.049,0.0,0.0,0.171,1.286,0.128,0.667
Elfrid Payton,0.05,1.194,0.287,1.061,0.345,0.823,0.0,0.0,0.0,0.0,0.136,1.012,0.027,0.529,0.043,1.111,0.0,0.0,0.034,0.762,0.061,0.368
Emeka Okafor,0.0,0.0,0.119,0.929,0.0,0.0,0.136,1.188,0.119,0.571,0.0,0.0,0.0,0.0,0.347,1.122,0.0,0.0,0.169,1.05,0.0,0.0
Emmanuel Mudiay,0.056,0.917,0.167,0.944,0.35,0.758,0.0,0.0,0.0,0.0,0.235,0.9,0.042,0.833,0.049,1.769,0.035,1.267,0.0,0.0,0.049,0.095
Enes Kanter,0.015,0.714,0.068,1.419,0.0,0.0,0.186,1.047,0.239,0.963,0.021,0.842,0.0,0.0,0.147,1.252,0.0,0.0,0.243,1.265,0.073,0.597
Eric Bledsoe,0.073,1.063,0.223,1.104,0.337,0.799,0.0,0.0,0.01,1.308,0.191,1.085,0.029,1.316,0.023,1.433,0.016,0.857,0.022,1.0,0.068,0.67
Eric Gordon,0.097,0.991,0.167,1.241,0.205,0.902,0.009,1.273,0.0,0.0,0.27,1.121,0.065,0.872,0.017,1.3,0.112,1.008,0.012,1.0,0.044,0.654
Eric Moreland,0.0,0.0,0.109,1.316,0.0,0.0,0.172,0.967,0.0,0.0,0.0,0.0,0.0,0.0,0.293,0.902,0.0,0.0,0.161,0.964,0.155,0.185
Ersan Ilyasova,0.0,0.0,0.087,1.071,0.0,0.0,0.218,1.181,0.06,0.793,0.232,0.929,0.033,0.563,0.102,1.347,0.089,1.0,0.112,1.056,0.056,0.704
Evan Fournier,0.039,1.0,0.147,1.07,0.178,0.931,0.0,0.0,0.0,0.0,0.195,1.27,0.125,0.884,0.049,1.563,0.201,0.892,0.014,0.857,0.044,0.791
Evan Turner,0.096,0.812,0.148,0.897,0.201,0.841,0.0,0.0,0.158,0.965,0.213,0.961,0.039,0.893,0.03,1.227,0.035,0.88,0.024,1.353,0.051,0.432
Frank Kaminsky,0.063,0.722,0.095,1.256,0.013,1.0,0.194,1.06,0.101,0.897,0.341,0.942,0.013,0.909,0.037,1.219,0.078,1.149,0.02,1.824,0.046,0.575
Frank Mason,0.1,0.816,0.207,0.922,0.396,0.8,0.0,0.0,0.0,0.0,0.128,0.762,0.067,1.03,0.0,0.0,0.0,0.0,0.026,1.077,0.043,0.286
Frank Ntilikina,0.05,0.515,0.136,0.697,0.395,0.672,0.0,0.0,0.0,0.0,0.195,1.016,0.066,0.674,0.0,0.0,0.04,0.462,0.015,1.0,0.082,0.259
Fred VanVleet,0.083,0.782,0.186,1.187,0.328,0.839,0.0,0.0,0.0,0.0,0.248,1.146,0.056,0.892,0.0,0.0,0.036,0.875,0.0,0.0,0.039,0.846
Garrett Temple,0.06,1.086,0.158,0.989,0.192,0.735,0.0,0.0,0.0,0.0,0.276,1.179,0.07,0.927,0.056,0.909,0.099,0.81,0.026,0.933,0.053,0.323
Gary Harris,0.034,0.784,0.19,1.271,0.141,0.896,0.0,0.0,0.0,0.0,0.231,1.123,0.225,0.976,0.059,1.422,0.071,1.0,0.011,1.583,0.033,0.667
Gary Payton II,0.0,0.0,0.229,0.727,0.292,0.571,0.0,0.0,0.0,0.0,0.0,0.0,0.0,0.0,0.0,0.0,0.0,0.0,0.0,0.0,0.0,0.0
George Hill,0.07,1.0,0.128,1.255,0.34,0.849,0.0,0.0,0.0,0.0,0.152,1.369,0.084,1.333,0.035,1.2,0.079,0.765,0.023,1.2,0.068,0.655
Gerald Green,0.052,0.875,0.189,1.182,0.123,1.228,0.0,0.0,0.0,0.0,0.331,1.143,0.071,0.848,0.022,1.0,0.14,0.815,0.0,0.0,0.037,0.824
Giannis Antetokounmpo,0.139,0.842,0.222,1.202,0.113,0.921,0.058,1.145,0.124,0.881,0.126,0.921,0.019,1.162,0.081,1.338,0.012,1.435,0.06,1.456,0.046,0.782
Glenn Robinson III,0.0,0.0,0.158,0.8,0.105,0.2,0.0,0.0,0.0,0.0,0.379,1.361,0.0,0.0,0.137,1.077,0.105,0.6,0.0,0.0,0.0,0.0
Goran Dragic,0.054,0.932,0.158,1.168,0.397,0.853,0.0,0.0,0.01,0.929,0.139,1.117,0.118,0.849,0.032,1.047,0.027,0.889,0.021,0.679,0.038,0.904
Gorgui Dieng,0.0,0.0,0.077,1.211,0.0,0.0,0.24,0.899,0.063,0.742,0.313,0.961,0.0,0.0,0.113,1.214,0.0,0.0,0.091,1.022,0.083,0.439
Greg Monroe,0.075,1.048,0.074,1.063,0.0,0.0,0.177,1.184,0.333,0.796,0.05,1.214,0.0,0.0,0.163,1.314,0.0,0.0,0.172,1.405,0.093,0.5
Harrison Barnes,0.219,0.959,0.069,1.03,0.1,0.952,0.049,0.958,0.168,0.939,0.181,1.004,0.017,1.04,0.037,1.481,0.104,0.921,0.027,1.225,0.03,0.674
Hassan Whiteside,0.034,0.64,0.043,1.125,0.0,0.0,0.218,1.068,0.21,0.929,0.051,0.737,0.0,0.0,0.16,1.286,0.0,0.0,0.189,1.207,0.082,0.475
Ian Clark,0.023,0.462,0.199,0.947,0.227,0.954,0.0,0.0,0.0,0.0,0.285,0.963,0.054,0.935,0.056,0.969,0.098,0.875,0.0,0.0,0.031,0.611
Ian Mahinmi,0.0,0.0,0.072,0.897,0.0,0.0,0.154,0.855,0.035,0.643,0.032,0.846,0.0,0.0,0.31,1.152,0.0,0.0,0.218,1.216,0.161,0.154
Iman Shumpert,0.228,1.0,0.0,0.0,0.215,0.412,0.0,0.0,0.0,0.0,0.228,0.444,0.0,0.0,0.0,0.0,0.0,0.0,0.0,0.0,0.0,0.0
Isaiah Canaan,0.106,1.2,0.122,1.304,0.429,0.741,0.0,0.0,0.0,0.0,0.185,0.857,0.063,1.083,0.0,0.0,0.0,0.0,0.0,0.0,0.053,1.0
Isaiah Hicks,0.0,0.0,0.124,1.25,0.0,0.0,0.206,1.05,0.134,1.0,0.155,0.533,0.0,0.0,0.216,0.905,0.0,0.0,0.0,0.0,0.0,0.0
Isaiah Taylor,0.066,0.694,0.177,1.01,0.435,0.797,0.0,0.0,0.0,0.0,0.175,0.684,0.039,0.952,0.0,0.0,0.041,1.136,0.0,0.0,0.042,0.478
Isaiah Thomas,0.074,0.826,0.223,1.014,0.45,0.822,0.0,0.0,0.0,0.0,0.153,0.9,0.077,0.792,0.0,0.0,0.052,1.0,0.0,0.0,0.061,0.632
Isaiah Whitehead,0.144,0.882,0.136,0.813,0.458,0.926,0.0,0.0,0.0,0.0,0.169,0.8,0.0,0.0,0.0,0.0,0.0,0.0,0.0,0.0,0.0,0.0
Ish Smith,0.071,1.0,0.252,1.045,0.37,0.837,0.0,0.0,0.0,0.0,0.138,0.886,0.077,0.824,0.028,1.556,0.0,0.0,0.01,0.6,0.045,0.953
Ivan Rabb,0.0,0.0,0.099,1.2,0.0,0.0,0.183,1.243,0.149,0.767,0.059,0.833,0.0,0.0,0.193,1.026,0.0,0.0,0.168,1.265,0.109,0.318
J.J. Barea,0.074,0.631,0.114,1.04,0.487,0.84,0.0,0.0,0.0,0.0,0.136,1.218,0.097,0.918,0.0,0.0,0.037,1.5,0.0,0.0,0.042,0.378
JJ Redick,0.0,0.0,0.164,1.231,0.113,1.076,0.017,0.944,0.0,0.0,0.18,1.2,0.241,0.984,0.035,1.324,0.173,1.158,0.0,0.0,0.061,0.846
JR Smith,0.099,0.928,0.18,1.296,0.099,0.87,0.02,1.0,0.0,0.0,0.294,1.0,0.076,0.604,0.017,0.917,0.142,0.929,0.0,0.0,0.062,0.372
JaKarr Sampson,0.0,0.0,0.146,0.929,0.0,0.0,0.0,0.0,0.115,0.909,0.177,1.118,0.0,0.0,0.198,1.474,0.0,0.0,0.177,1.294,0.0,0.0
JaMychal Green,0.036,0.591,0.109,1.209,0.0,0.0,0.083,0.804,0.099,0.787,0.267,0.915,0.0,0.0,0.16,1.122,0.0,0.0,0.168,1.087,0.062,0.263
Jabari Parker,0.094,0.711,0.186,1.16,0.139,1.0,0.05,1.2,0.03,1.0,0.238,1.01,0.03,0.667,0.107,1.0,0.0,0.0,0.057,0.696,0.047,0.421
Jack Cooley,0.0,0.0,0.0,0.0,0.0,0.0,0.0,0.0,0.0,0.0,0.0,0.0,0.0,0.0,0.0,0.0,0.0,0.0,0.317,0.692,0.0,0.0
Jae Crowder,0.028,0.5,0.205,0.968,0.11,0.385,0.089,0.829,0.039,0.667,0.377,1.012,0.071,0.72,0.102,1.298,0.054,1.04,0.048,1.682,0.046,0.524
Jahlil Okafor,0.089,0.929,0.0,0.0,0.0,0.0,0.229,1.333,0.261,0.756,0.076,0.917,0.0,0.0,0.153,1.333,0.0,0.0,0.083,1.154,0.0,0.0
Jakob Poeltl,0.0,0.0,0.088,1.511,0.0,0.0,0.247,1.151,0.031,0.688,0.027,0.786,0.0,0.0,0.296,1.265,0.0,0.0,0.192,1.265,0.118,0.3
Jalen Jones,0.0,0.0,0.0,0.0,0.0,0.0,0.0,0.0,0.0,0.0,0.372,1.069,0.0,0.0,0.0,0.0,0.0,0.0,0.128,1.5,0.0,0.0
Jamal Crawford,0.198,0.874,0.137,0.883,0.308,0.9,0.0,0.0,0.0,0.0,0.21,1.07,0.058,0.922,0.0,0.0,0.033,1.103,0.0,0.0,0.04,0.686
Jamal Murray,0.103,0.824,0.135,1.05,0.257,0.859,0.0,0.0,0.0,0.0,0.177,1.183,0.118,0.955,0.052,1.261,0.073,1.216,0.023,1.533,0.055,0.644
Jameer Nelson,0.063,1.235,0.152,0.878,0.312,0.69,0.0,0.0,0.0,0.0,0.264,0.873,0.097,0.654,0.0,0.0,0.0,0.0,0.0,0.0,0.074,0.65
Jamel Artis,0.0,0.0,0.0,0.0,0.108,0.4,0.0,0.0,0.0,0.0,0.387,0.889,0.0,0.0,0.108,1.2,0.0,0.0,0.0,0.0,0.0,0.0
James Ennis III,0.0,0.0,0.224,1.424,0.102,0.8,0.0,0.0,0.0,0.0,0.299,0.966,0.167,1.091,0.102,1.3,0.051,1.3,0.088,1.154,0.078,0.435
James Harden,0.35,1.22,0.115,1.089,0.358,0.909,0.0,0.0,0.018,0.861,0.051,0.886,0.032,1.076,0.01,1.65,0.01,1.95,0.007,0.857,0.05,0.728
James Johnson,0.143,0.89,0.119,0.99,0.137,0.708,0.068,1.125,0.041,0.882,0.255,1.019,0.035,0.966,0.074,1.459,0.017,1.0,0.025,1.286,0.086,0.563
James Webb III,0.0,0.0,0.0,0.0,0.0,0.0,0.0,0.0,0.0,0.0,0.643,0.444,0.0,0.0,0.0,0.0,0.0,0.0,0.0,0.0,0.0,0.0
Jamil Wilson,0.0,0.0,0.143,1.0,0.0,0.0,0.132,2.083,0.0,0.0,0.538,1.041,0.0,0.0,0.0,0.0,0.11,1.4,0.0,0.0,0.0,0.0
Jared Dudley,0.0,0.0,0.211,0.686,0.0,0.0,0.078,0.615,0.0,0.0,0.44,1.205,0.0,0.0,0.0,0.0,0.0,0.0,0.0,0.0,0.133,0.5
Jarell Martin,0.038,0.833,0.187,0.983,0.044,0.714,0.068,0.953,0.033,0.714,0.317,0.812,0.017,0.727,0.119,1.171,0.0,0.0,0.097,1.048,0.068,0.349
Jarrett Allen,0.0,0.0,0.055,1.1,0.0,0.0,0.359,1.157,0.0,0.0,0.046,1.0,0.0,0.0,0.29,1.277,0.0,0.0,0.133,1.027,0.104,0.351
Jarrett Jack,0.063,0.757,0.139,0.707,0.502,0.858,0.0,0.0,0.0,0.0,0.151,0.854,0.02,0.583,0.0,0.0,0.02,1.0,0.0,0.0,0.085,0.38
Jason Terry,0.0,0.0,0.265,1.021,0.0,0.0,0.0,0.0,0.0,0.0,0.431,0.987,0.077,0.571,0.0,0.0,0.077,0.929,0.0,0.0,0.0,0.0
Jawun Evans,0.066,0.762,0.209,0.746,0.275,0.682,0.0,0.0,0.0,0.0,0.269,0.791,0.072,0.478,0.0,0.0,0.0,0.0,0.0,0.0,0.063,0.4
Jaylen Brown,0.065,0.985,0.242,1.016,0.08,0.732,0.0,0.0,0.061,0.794,0.279,1.143,0.052,0.755,0.081,1.145,0.055,1.0,0.041,1.024,0.04,0.585
Jaylen Morris,0.0,0.0,0.0,0.0,0.0,0.0,0.0,0.0,0.0,0.0,0.432,0.75,0.0,0.0,0.0,0.0,0.0,0.0,0.0,0.0,0.0,0.0
Jayson Tatum,0.106,0.823,0.192,1.221,0.123,0.939,0.021,1.0,0.041,0.909,0.273,1.168,0.081,0.837,0.031,1.394,0.081,1.0,0.021,1.045,0.031,0.485
Jeff Green,0.075,0.85,0.206,1.165,0.021,0.824,0.059,0.936,0.113,0.889,0.262,1.005,0.0,0.0,0.123,1.49,0.018,1.286,0.056,1.2,0.061,0.571
Jeff Teague,0.143,0.981,0.16,0.953,0.428,0.844,0.0,0.0,0.009,0.8,0.126,1.14,0.021,1.348,0.0,0.0,0.009,0.8,0.0,0.0,0.086,0.645
Jerami Grant,0.042,0.923,0.125,1.39,0.0,0.0,0.267,1.236,0.079,1.061,0.256,0.892,0.0,0.0,0.102,1.381,0.0,0.0,0.066,1.22,0.045,0.429
Jeremy Lamb,0.082,0.88,0.121,1.27,0.346,0.92,0.0,0.0,0.0,0.0,0.17,1.076,0.047,1.064,0.047,1.723,0.11,0.946,0.026,0.923,0.044,0.523
Jeremy Lin,0.0,0.0,0.0,0.0,0.778,1.143,0.0,0.0,0.0,0.0,0.0,0.0,0.0,0.0,0.0,0.0,0.0,0.0,0.0,0.0,0.0,0.0
Jerian Grant,0.103,0.71,0.127,1.306,0.403,0.97,0.0,0.0,0.0,0.0,0.213,0.81,0.048,0.938,0.0,0.0,0.019,1.231,0.0,0.0,0.073,0.592
Jerryd Bayless,0.046,0.6,0.256,1.06,0.076,0.72,0.0,0.0,0.0,0.0,0.335,0.945,0.085,0.464,0.088,1.276,0.046,1.133,0.0,0.0,0.055,0.889
Jimmy Butler,0.128,0.929,0.12,1.4,0.312,0.912,0.012,1.143,0.083,0.89,0.118,1.183,0.06,1.123,0.053,1.547,0.023,1.179,0.036,1.273,0.056,0.821
Jodie Meeks,0.0,0.0,0.178,1.226,0.1,0.787,0.0,0.0,0.0,0.0,0.287,1.007,0.098,0.696,0.021,1.2,0.263,0.968,0.0,0.0,0.025,0.833
Joe Harris,0.0,0.0,0.161,1.215,0.064,1.021,0.0,0.0,0.0,0.0,0.335,1.187,0.113,1.094,0.072,1.185,0.162,1.107,0.037,1.0,0.041,0.323
Joe Ingles,0.054,0.898,0.125,1.447,0.24,0.735,0.0,0.0,0.0,0.0,0.268,1.115,0.087,0.899,0.016,1.667,0.155,1.184,0.0,0.0,0.042,0.447
Joe Johnson,0.143,0.789,0.099,0.813,0.105,0.786,0.041,0.909,0.273,1.114,0.312,0.94,0.0,0.0,0.0,0.0,0.06,1.188,0.0,0.0,0.0,0.0
Joe Young,0.081,0.667,0.188,0.595,0.274,0.984,0.0,0.0,0.0,0.0,0.265,1.034,0.103,1.261,0.0,0.0,0.0,0.0,0.0,0.0,0.054,0.667
Joel Embiid,0.066,0.818,0.072,1.093,0.018,0.963,0.084,0.992,0.397,0.966,0.116,0.861,0.011,0.765,0.075,1.402,0.021,1.0,0.066,1.194,0.074,0.459
John Collins,0.026,0.842,0.091,1.358,0.0,0.0,0.225,1.133,0.048,0.657,0.098,0.847,0.0,0.0,0.233,1.298,0.0,0.0,0.15,1.173,0.112,0.354
John Henson,0.0,0.0,0.095,1.032,0.0,0.0,0.167,1.138,0.066,1.023,0.064,0.69,0.0,0.0,0.364,1.206,0.0,0.0,0.141,1.022,0.09,0.203
John Wall,0.229,0.948,0.243,0.947,0.294,0.704,0.0,0.0,0.028,0.731,0.117,1.018,0.016,1.0,0.0,0.0,0.0,0.0,0.011,1.4,0.056,0.519
Johnathan Motley,0.0,0.0,0.103,1.2,0.0,0.0,0.165,0.938,0.186,1.0,0.175,1.294,0.0,0.0,0.134,0.923,0.0,0.0,0.113,1.182,0.0,0.0
Johnny O'Bryant III,0.062,0.833,0.067,0.769,0.0,0.0,0.19,0.892,0.185,0.417,0.236,0.957,0.0,0.0,0.128,1.32,0.0,0.0,0.056,1.273,0.067,0.615
Jon Leuer,0.0,0.0,0.204,1.2,0.0,0.0,0.0,0.0,0.0,0.0,0.0,0.0,0.0,0.0,0.0,0.0,0.0,0.0,0.0,0.0,0.0,0.0
Jonas Jerebko,0.0,0.0,0.173,1.103,0.0,0.0,0.081,0.844,0.0,0.0,0.491,1.124,0.0,0.0,0.097,1.263,0.0,0.0,0.066,1.269,0.041,0.75
Jonas Valanciunas,0.029,1.115,0.046,1.098,0.0,0.0,0.26,1.163,0.17,1.092,0.074,1.167,0.0,0.0,0.192,1.244,0.0,0.0,0.145,1.177,0.078,0.329
Jonathan Isaac,0.0,0.0,0.132,1.208,0.0,0.0,0.071,0.154,0.066,0.333,0.379,0.768,0.0,0.0,0.137,1.28,0.0,0.0,0.0,0.0,0.066,0.583
Jonathon Simmons,0.082,0.807,0.149,1.253,0.318,0.794,0.0,0.0,0.036,0.889,0.209,1.057,0.066,0.716,0.031,1.419,0.038,0.974,0.035,1.2,0.035,0.571
Jordan Bell,0.039,0.9,0.18,1.304,0.0,0.0,0.122,0.742,0.071,0.556,0.051,0.846,0.0,0.0,0.278,1.479,0.0,0.0,0.141,1.056,0.106,0.074
Jordan Clarkson,0.092,0.986,0.159,1.047,0.353,0.842,0.0,0.0,0.0,0.0,0.12,0.969,0.074,0.917,0.043,1.143,0.079,0.953,0.035,1.179,0.037,0.7
Jordan Crawford,0.0,0.0,0.0,0.0,0.387,0.833,0.0,0.0,0.0,0.0,0.0,0.0,0.0,0.0,0.0,0.0,0.0,0.0,0.0,0.0,0.0,0.0
Jordan Mickey,0.0,0.0,0.0,0.0,0.0,0.0,0.222,1.208,0.0,0.0,0.185,0.45,0.0,0.0,0.167,1.278,0.0,0.0,0.12,1.077,0.13,0.357
Jose Calderon,0.0,0.0,0.126,1.167,0.382,0.879,0.0,0.0,0.0,0.0,0.277,1.439,0.046,1.273,0.0,0.0,0.0,0.0,0.0,0.0,0.067,0.375
Josh Gray,0.0,0.0,0.0,0.0,0.509,0.63,0.0,0.0,0.0,0.0,0.0,0.0,0.0,0.0,0.0,0.0,0.0,0.0,0.0,0.0,0.0,0.0
Josh Hart,0.028,0.692,0.315,1.185,0.078,0.667,0.0,0.0,0.0,0.0,0.347,1.149,0.056,1.038,0.054,1.12,0.024,1.182,0.037,0.882,0.054,0.72
Josh Huestis,0.0,0.0,0.12,1.038,0.0,0.0,0.0,0.0,0.0,0.0,0.539,0.598,0.0,0.0,0.092,1.0,0.0,0.0,0.106,0.783,0.0,0.0
Josh Jackson,0.063,0.667,0.26,0.987,0.18,0.694,0.0,0.0,0.014,0.765,0.174,0.74,0.094,0.723,0.058,1.386,0.062,0.811,0.055,1.0,0.037,0.636
Josh Magette,0.0,0.0,0.0,0.0,0.525,0.71,0.0,0.0,0.0,0.0,0.22,1.308,0.0,0.0,0.0,0.0,0.0,0.0,0.0,0.0,0.0,0.0
Josh Richardson,0.024,0.731,0.132,1.056,0.23,0.775,0.0,0.0,0.01,0.727,0.271,1.058,0.161,1.098,0.043,1.277,0.052,0.821,0.021,1.174,0.052,0.589
Jrue Holiday,0.112,1.0,0.191,1.014,0.291,0.876,0.011,1.588,0.032,1.122,0.134,1.077,0.054,1.202,0.05,1.256,0.057,0.784,0.013,1.15,0.055,0.741
Juancho Hernangomez,0.0,0.0,0.159,0.929,0.0,0.0,0.0,0.0,0.0,0.0,0.489,0.721,0.0,0.0,0.0,0.0,0.0,0.0,0.148,1.0,0.0,0.0
Julius Randle,0.085,0.845,0.194,1.111,0.014,1.056,0.118,1.157,0.209,0.886,0.099,0.899,0.009,0.917,0.094,1.352,0.0,0.0,0.103,1.254,0.071,0.424
Justin Anderson,0.0,0.0,0.212,1.36,0.081,0.789,0.0,0.0,0.0,0.0,0.331,0.923,0.076,0.833,0.085,1.55,0.064,0.8,0.064,0.8,0.051,0.5
Justin Holiday,0.016,1.0,0.149,0.921,0.113,0.462,0.0,0.0,0.0,0.0,0.332,1.071,0.161,1.126,0.054,1.157,0.093,0.816,0.025,0.609,0.052,0.673
Justin Jackson,0.0,0.0,0.189,1.124,0.074,0.8,0.0,0.0,0.0,0.0,0.357,0.94,0.083,0.795,0.108,1.275,0.093,0.636,0.036,1.294,0.034,0.25
Justise Winslow,0.039,0.542,0.178,0.954,0.139,0.906,0.029,0.889,0.026,0.25,0.306,0.973,0.054,0.455,0.083,1.059,0.0,0.0,0.047,0.897,0.085,0.423
Jusuf Nurkic,0.022,0.536,0.039,0.98,0.0,0.0,0.276,1.023,0.223,0.77,0.073,0.714,0.0,0.0,0.164,1.146,0.0,0.0,0.116,1.076,0.083,0.417
Karl-Anthony Towns,0.044,1.03,0.065,1.286,0.0,0.0,0.209,1.162,0.225,1.018,0.154,1.25,0.0,0.0,0.085,1.297,0.029,1.0,0.112,1.379,0.07,0.752
Kawhi Leonard,0.14,0.55,0.154,1.045,0.308,1.159,0.0,0.0,0.077,1.0,0.182,1.192,0.0,0.0,0.0,0.0,0.0,0.0,0.0,0.0,0.0,0.0
Kelly Olynyk,0.035,0.833,0.102,1.205,0.022,0.842,0.167,1.153,0.092,0.873,0.223,1.031,0.051,0.75,0.066,1.456,0.085,0.973,0.052,1.178,0.103,0.584
Kelly Oubre Jr.,0.035,0.794,0.19,1.306,0.118,0.707,0.0,0.0,0.0,0.0,0.367,0.981,0.09,0.614,0.045,1.159,0.06,0.915,0.044,1.349,0.046,0.511
Kemba Walker,0.065,0.82,0.161,1.116,0.503,1.03,0.0,0.0,0.0,0.0,0.113,1.165,0.045,1.052,0.009,0.933,0.051,1.057,0.009,0.625,0.043,0.554
Kenneth Faried,0.0,0.0,0.163,1.25,0.0,0.0,0.117,1.304,0.117,0.609,0.0,0.0,0.0,0.0,0.199,1.205,0.0,0.0,0.245,0.75,0.102,0.25
Kent Bazemore,0.053,0.688,0.135,1.309,0.294,0.762,0.0,0.0,0.0,0.0,0.197,1.05,0.093,0.682,0.027,1.36,0.119,1.009,0.019,0.529,0.058,0.623
Kentavious Caldwell-Pope,0.032,1.032,0.255,1.158,0.115,0.586,0.0,0.0,0.0,0.0,0.232,1.107,0.068,0.833,0.044,1.256,0.18,0.983,0.03,1.31,0.039,0.5
Kevin Durant,0.155,1.057,0.209,1.108,0.182,1.038,0.016,1.36,0.087,0.971,0.117,1.435,0.025,0.538,0.058,1.543,0.089,1.206,0.012,1.316,0.051,0.593
Kevin Love,0.03,0.857,0.134,1.192,0.0,0.0,0.117,1.119,0.194,0.983,0.234,1.271,0.0,0.0,0.081,1.329,0.054,0.8,0.074,1.101,0.069,0.609
Kevon Looney,0.039,0.6,0.1,1.269,0.0,0.0,0.116,1.033,0.054,0.857,0.108,1.071,0.0,0.0,0.301,1.205,0.0,0.0,0.162,1.19,0.093,0.208
Khem Birch,0.0,0.0,0.068,0.833,0.0,0.0,0.209,1.297,0.085,0.6,0.073,0.846,0.0,0.0,0.266,1.106,0.0,0.0,0.226,1.025,0.068,0.333
Khris Middleton,0.093,0.879,0.182,1.062,0.2,1.034,0.026,1.452,0.078,0.984,0.207,1.079,0.054,0.989,0.019,1.097,0.081,0.8,0.013,1.3,0.046,0.743
Klay Thompson,0.044,0.847,0.191,1.331,0.072,0.763,0.009,1.083,0.04,0.815,0.119,1.175,0.056,0.96,0.08,1.213,0.334,1.098,0.011,0.933,0.044,0.644
Kobi Simmons,0.057,0.714,0.22,1.019,0.282,0.667,0.0,0.0,0.0,0.0,0.192,0.766,0.061,0.533,0.069,1.176,0.0,0.0,0.0,0.0,0.078,0.421
Kosta Koufos,0.047,0.727,0.062,1.31,0.0,0.0,0.279,1.038,0.106,0.88,0.021,0.8,0.0,0.0,0.247,1.181,0.0,0.0,0.155,1.11,0.081,0.395
Kris Dunn,0.077,0.836,0.147,0.835,0.478,0.792,0.0,0.0,0.038,0.848,0.139,0.825,0.021,0.722,0.016,1.357,0.012,0.9,0.015,1.0,0.058,0.5
Kristaps Porzingis,0.083,0.703,0.075,1.133,0.014,0.4,0.169,1.011,0.248,0.963,0.131,1.028,0.01,1.182,0.055,1.344,0.119,1.107,0.037,0.683,0.06,0.758
Kyle Anderson,0.07,0.929,0.147,0.864,0.155,0.849,0.0,0.0,0.027,0.688,0.228,0.883,0.048,1.103,0.133,1.475,0.0,0.0,0.095,1.175,0.07,0.548
Kyle Collinsworth,0.0,0.0,0.1,1.0,0.257,0.75,0.0,0.0,0.0,0.0,0.186,0.692,0.0,0.0,0.0,0.0,0.0,0.0,0.114,0.625,0.071,0.1
Kyle Korver,0.0,0.0,0.131,0.959,0.025,0.571,0.025,1.071,0.0,0.0,0.204,1.421,0.125,0.971,0.048,1.519,0.366,1.255,0.0,0.0,0.068,0.816
Kyle Kuzma,0.064,1.123,0.236,0.98,0.058,0.767,0.065,0.988,0.055,1.014,0.264,0.973,0.026,0.939,0.058,1.216,0.085,0.824,0.051,1.203,0.039,0.612
Kyle Lowry,0.061,1.147,0.21,1.159,0.265,0.895,0.0,0.0,0.009,1.091,0.2,1.102,0.086,0.962,0.016,1.25,0.068,1.253,0.024,0.655,0.055,0.559
Kyle O'Quinn,0.057,0.774,0.065,1.371,0.0,0.0,0.257,1.209,0.069,0.865,0.1,0.704,0.0,0.0,0.169,1.33,0.0,0.0,0.131,1.352,0.148,0.213
Kyrie Irving,0.16,1.038,0.138,0.967,0.305,1.099,0.0,0.0,0.024,0.75,0.085,1.232,0.11,1.144,0.033,1.591,0.095,1.151,0.01,1.231,0.038,0.88
LaMarcus Aldridge,0.031,0.72,0.033,1.358,0.0,0.0,0.166,1.078,0.434,0.99,0.093,1.007,0.0,0.0,0.073,1.294,0.023,0.811,0.103,1.377,0.041,0.746
Lance Stephenson,0.138,0.806,0.154,0.978,0.339,0.74,0.0,0.0,0.0,0.0,0.206,0.989,0.033,0.867,0.016,1.429,0.017,0.333,0.038,1.147,0.05,0.333
Lance Thomas,0.033,0.182,0.123,1.171,0.0,0.0,0.054,1.0,0.0,0.0,0.443,1.027,0.0,0.0,0.096,0.938,0.0,0.0,0.084,0.571,0.069,0.304
Langston Galloway,0.0,0.0,0.124,0.891,0.151,0.732,0.0,0.0,0.0,0.0,0.247,1.065,0.188,1.1,0.0,0.0,0.212,0.911,0.0,0.0,0.032,0.667
Larry Nance Jr.,0.0,0.0,0.168,1.464,0.0,0.0,0.192,1.031,0.072,0.875,0.15,0.793,0.0,0.0,0.195,1.215,0.0,0.0,0.177,1.22,0.105,0.571
Lauri Markkanen,0.028,0.75,0.132,1.241,0.045,0.978,0.118,1.084,0.11,0.811,0.278,0.971,0.042,0.952,0.044,1.318,0.105,1.028,0.052,1.135,0.046,0.848
LeBron James,0.244,0.96,0.21,1.185,0.209,1.02,0.028,1.233,0.092,1.036,0.047,1.08,0.011,0.792,0.055,1.619,0.009,1.263,0.03,1.188,0.066,0.418
Lonzo Ball,0.04,0.759,0.199,0.738,0.292,0.627,0.0,0.0,0.0,0.0,0.226,0.982,0.05,0.583,0.037,1.222,0.025,0.611,0.04,0.759,0.083,0.217
Lou Williams,0.086,0.928,0.149,1.027,0.436,0.889,0.0,0.0,0.0,0.0,0.131,1.043,0.085,1.207,0.014,1.25,0.042,1.36,0.015,1.148,0.039,0.797
Luc Mbah a Moute,0.03,1.5,0.23,1.245,0.028,0.385,0.087,1.15,0.0,0.0,0.439,0.876,0.022,0.2,0.05,1.348,0.033,1.4,0.0,0.0,0.05,0.435
Luke Babbitt,0.0,0.0,0.109,1.143,0.0,0.0,0.172,1.394,0.0,0.0,0.479,1.261,0.057,1.182,0.0,0.0,0.083,0.75,0.0,0.0,0.057,0.273
Luke Kennard,0.0,0.0,0.124,1.071,0.154,0.77,0.0,0.0,0.0,0.0,0.204,1.278,0.257,0.8,0.046,1.231,0.135,0.908,0.0,0.0,0.046,0.846
Luke Kornet,0.0,0.0,0.085,1.583,0.0,0.0,0.275,0.949,0.07,0.6,0.345,0.755,0.0,0.0,0.113,1.563,0.0,0.0,0.0,0.0,0.0,0.0
Malachi Richardson,0.0,0.0,0.12,1.231,0.102,0.727,0.0,0.0,0.0,0.0,0.472,0.667,0.13,0.786,0.0,0.0,0.0,0.0,0.0,0.0,0.0,0.0
Malcolm Brogdon,0.055,1.455,0.187,0.991,0.254,0.974,0.0,0.0,0.017,0.8,0.224,1.059,0.038,1.13,0.093,1.286,0.061,0.757,0.025,0.8,0.033,0.55
Malcolm Delaney,0.097,0.895,0.13,1.157,0.375,0.667,0.0,0.0,0.0,0.0,0.219,0.907,0.041,1.063,0.0,0.0,0.054,0.952,0.0,0.0,0.048,0.895
Manu Ginobili,0.035,0.682,0.106,0.924,0.355,0.86,0.0,0.0,0.0,0.0,0.275,1.111,0.077,0.833,0.029,1.222,0.047,0.517,0.0,0.0,0.058,0.722
MarShon Brooks,0.291,1.459,0.157,1.3,0.26,0.758,0.0,0.0,0.0,0.0,0.126,1.063,0.0,0.0,0.0,0.0,0.0,0.0,0.0,0.0,0.0,0.0
Marc Gasol,0.052,0.789,0.06,0.817,0.0,0.0,0.275,1.024,0.277,0.786,0.149,0.926,0.021,1.241,0.049,1.224,0.033,0.933,0.023,1.258,0.059,0.45
Marcin Gortat,0.0,0.0,0.045,1.303,0.0,0.0,0.209,0.877,0.166,0.787,0.026,0.474,0.0,0.0,0.319,1.213,0.0,0.0,0.103,1.0,0.106,0.295
Marco Belinelli,0.0,0.0,0.18,1.033,0.209,0.678,0.0,0.0,0.0,0.0,0.184,1.159,0.152,1.057,0.072,1.357,0.226,1.008,0.017,0.8,0.059,1.15
Marcus Morris Sr.,0.126,0.903,0.118,1.011,0.057,0.81,0.088,1.062,0.131,0.948,0.227,1.089,0.069,1.059,0.041,1.167,0.058,1.093,0.028,1.333,0.057,0.429
Marcus Smart,0.088,0.774,0.116,0.72,0.287,0.767,0.0,0.0,0.067,0.745,0.21,0.912,0.053,0.73,0.028,1.1,0.031,1.091,0.031,0.682,0.084,0.39
Mario Chalmers,0.064,0.8,0.132,0.793,0.355,0.81,0.0,0.0,0.0,0.0,0.225,0.964,0.061,0.737,0.029,0.944,0.045,0.75,0.0,0.0,0.077,0.375
Mario Hezonja,0.06,0.8,0.19,1.063,0.116,0.874,0.024,1.167,0.0,0.0,0.337,1.048,0.044,0.455,0.062,1.348,0.096,0.778,0.025,1.0,0.035,0.538
Markelle Fultz,0.08,0.727,0.275,0.684,0.261,0.639,0.0,0.0,0.0,0.0,0.167,0.565,0.0,0.0,0.072,1.0,0.0,0.0,0.0,0.0,0.0,0.0
Markieff Morris,0.059,0.941,0.092,1.275,0.0,0.0,0.151,1.015,0.18,0.878,0.231,0.91,0.0,0.0,0.091,1.316,0.055,1.021,0.043,1.135,0.082,0.479
Marquese Chriss,0.04,0.808,0.146,1.01,0.0,0.0,0.108,0.887,0.082,0.685,0.308,0.792,0.0,0.0,0.098,1.25,0.029,1.105,0.069,1.111,0.108,0.239
Marreese Speights,0.041,0.882,0.1,1.244,0.0,0.0,0.197,0.951,0.129,0.981,0.319,1.061,0.034,1.071,0.027,0.909,0.054,0.773,0.036,0.8,0.058,0.25
Marvin Williams,0.0,0.0,0.159,1.333,0.0,0.0,0.107,0.986,0.074,1.18,0.372,1.123,0.015,0.7,0.079,1.241,0.072,1.102,0.065,0.886,0.053,0.278
Mason Plumlee,0.035,0.632,0.089,1.245,0.0,0.0,0.164,1.022,0.171,0.819,0.035,0.737,0.0,0.0,0.255,1.286,0.0,0.0,0.124,0.765,0.127,0.471
Matthew Dellavedova,0.0,0.0,0.11,1.174,0.349,0.479,0.0,0.0,0.0,0.0,0.282,0.847,0.0,0.0,0.0,0.0,0.0,0.0,0.0,0.0,0.124,0.654
Maurice Harkless,0.038,0.143,0.135,1.184,0.0,0.0,0.0,0.0,0.121,0.909,0.321,1.256,0.033,0.5,0.129,1.234,0.027,0.9,0.093,1.206,0.055,0.3
Maxi Kleber,0.0,0.0,0.085,0.968,0.0,0.0,0.154,1.125,0.063,1.13,0.299,1.046,0.0,0.0,0.181,1.545,0.058,0.524,0.088,0.906,0.044,0.188
Michael Beasley,0.208,0.924,0.099,1.11,0.026,1.0,0.126,1.142,0.168,0.941,0.151,0.784,0.014,1.429,0.055,1.464,0.035,0.971,0.067,1.015,0.05,0.275
Michael Carter-Williams,0.071,1.174,0.114,0.865,0.312,0.634,0.0,0.0,0.0,0.0,0.241,0.615,0.071,0.739,0.059,1.158,0.0,0.0,0.04,1.077,0.071,0.435
Michael Kidd-Gilchrist,0.038,1.038,0.254,1.114,0.06,0.707,0.0,0.0,0.044,0.9,0.357,0.809,0.039,1.037,0.123,1.318,0.0,0.0,0.048,1.303,0.028,0.684
Mike Conley,0.151,0.719,0.085,1.056,0.415,0.989,0.0,0.0,0.0,0.0,0.165,1.2,0.075,0.688,0.0,0.0,0.052,0.364,0.0,0.0,0.0,0.0
Mike James,0.115,1.0,0.158,0.873,0.539,0.823,0.0,0.0,0.0,0.0,0.068,0.704,0.04,0.875,0.0,0.0,0.0,0.0,0.0,0.0,0.05,0.6
Mike Muscala,0.0,0.0,0.099,1.026,0.0,0.0,0.251,1.073,0.0,0.0,0.298,1.132,0.0,0.0,0.091,1.029,0.037,0.929,0.117,1.156,0.078,0.833
Mike Scott,0.025,1.313,0.088,1.0,0.017,1.727,0.209,1.091,0.123,1.026,0.254,1.205,0.0,0.0,0.13,1.049,0.043,0.889,0.051,0.844,0.046,0.276
Miles Plumlee,0.0,0.0,0.055,1.267,0.0,0.0,0.294,1.013,0.063,0.588,0.04,0.182,0.0,0.0,0.272,0.959,0.0,0.0,0.129,1.171,0.125,0.176
Milos Teodosic,0.029,1.214,0.105,0.58,0.422,0.816,0.0,0.0,0.0,0.0,0.242,1.287,0.099,0.936,0.0,0.0,0.025,0.583,0.0,0.0,0.059,0.357
Milton Doyle,0.0,0.0,0.0,0.0,0.241,0.538,0.0,0.0,0.0,0.0,0.333,0.5,0.0,0.0,0.0,0.0,0.0,0.0,0.0,0.0,0.0,0.0
Mirza Teletovic,0.0,0.0,0.0,0.0,0.0,0.0,0.0,0.0,0.0,0.0,0.531,1.059,0.0,0.0,0.0,0.0,0.0,0.0,0.0,0.0,0.0,0.0
Montrezl Harrell,0.027,1.474,0.199,1.4,0.014,0.7,0.158,1.396,0.209,1.014,0.05,1.0,0.0,0.0,0.172,1.322,0.0,0.0,0.105,1.054,0.06,0.595
Myke Henry,0.0,0.0,0.182,0.542,0.076,0.7,0.0,0.0,0.0,0.0,0.379,1.04,0.0,0.0,0.076,0.9,0.091,1.333,0.0,0.0,0.083,0.273
Myles Turner,0.023,1.0,0.065,1.204,0.0,0.0,0.386,1.031,0.117,0.959,0.145,0.858,0.0,0.0,0.096,1.316,0.0,0.0,0.073,1.217,0.082,0.426
Nemanja Bjelica,0.034,0.733,0.165,1.219,0.043,0.632,0.054,1.333,0.0,0.0,0.415,1.109,0.034,0.2,0.072,1.313,0.032,1.0,0.077,0.941,0.056,0.4
Nene,0.058,1.053,0.077,1.2,0.0,0.0,0.366,1.05,0.077,1.16,0.055,0.667,0.0,0.0,0.2,1.108,0.0,0.0,0.08,1.192,0.071,0.565
Nerlens Noel,0.0,0.0,0.099,0.571,0.0,0.0,0.275,1.051,0.0,0.0,0.0,0.0,0.0,0.0,0.261,1.324,0.0,0.0,0.19,0.815,0.12,0.294
Nick Young,0.04,0.818,0.191,1.486,0.085,0.787,0.0,0.0,0.0,0.0,0.287,1.019,0.067,0.784,0.027,1.6,0.218,1.067,0.0,0.0,0.056,0.258
Nicolas Batum,0.057,0.979,0.081,1.075,0.187,0.768,0.0,0.0,0.1,0.807,0.157,0.954,0.077,0.859,0.031,1.231,0.203,0.94,0.036,1.2,0.068,0.25
Nigel Hayes,0.0,0.0,0.0,0.0,0.0,0.0,0.0,0.0,0.0,0.0,0.367,0.273,0.0,0.0,0.0,0.0,0.0,0.0,0.0,0.0,0.0,0.0
Nik Stauskas,0.0,0.0,0.174,0.781,0.239,0.795,0.0,0.0,0.0,0.0,0.326,1.233,0.082,0.933,0.0,0.0,0.103,0.789,0.0,0.0,0.0,0.0
Nikola Jokic,0.04,1.241,0.068,0.846,0.018,0.875,0.197,1.049,0.244,0.927,0.147,1.187,0.0,0.0,0.093,1.183,0.021,0.893,0.083,1.357,0.085,0.588
Nikola Mirotic,0.071,0.769,0.199,1.161,0.046,1.235,0.09,1.0,0.163,0.967,0.255,1.362,0.039,1.0,0.078,1.382,0.094,0.805,0.059,1.038,0.087,0.781
Nikola Vucevic,0.029,0.897,0.09,1.393,0.0,0.0,0.237,0.979,0.183,0.739,0.166,0.811,0.014,0.714,0.119,1.154,0.025,0.64,0.074,1.301,0.061,0.383
Noah Vonleh,0.0,0.0,0.135,0.864,0.0,0.0,0.145,1.167,0.129,0.75,0.362,1.0,0.0,0.0,0.25,1.161,0.0,0.0,0.137,1.471,0.061,0.4
Norman Powell,0.0,0.0,0.258,0.863,0.256,0.655,0.0,0.0,0.0,0.0,0.318,0.868,0.044,1.35,0.024,1.273,0.046,1.095,0.0,0.0,0.024,0.727
OG Anunoby,0.0,0.0,0.239,1.04,0.041,0.353,0.0,0.0,0.0,0.0,0.471,1.036,0.033,0.857,0.089,1.568,0.0,0.0,0.041,1.118,0.026,1.364
Okaro White,0.0,0.0,0.0,0.0,0.0,0.0,0.0,0.0,0.0,0.0,0.526,1.2,0.0,0.0,0.0,0.0,0.0,0.0,0.0,0.0,0.0,0.0
Omari Johnson,0.0,0.0,0.0,0.0,0.0,0.0,0.0,0.0,0.0,0.0,0.583,1.143,0.0,0.0,0.0,0.0,0.0,0.0,0.0,0.0,0.0,0.0
Omri Casspi,0.0,0.0,0.187,1.392,0.0,0.0,0.0,0.0,0.059,1.125,0.139,1.079,0.0,0.0,0.304,1.12,0.0,0.0,0.077,1.333,0.117,0.563
Otto Porter Jr.,0.038,0.769,0.173,1.148,0.118,1.033,0.04,0.951,0.034,0.857,0.263,1.154,0.045,0.913,0.082,1.289,0.109,1.369,0.056,1.246,0.041,0.69
P.J. Tucker,0.0,0.0,0.175,1.179,0.0,0.0,0.101,0.545,0.0,0.0,0.501,1.007,0.0,0.0,0.026,0.786,0.0,0.0,0.063,1.206,0.087,0.404
Pascal Siakam,0.046,0.852,0.243,1.271,0.017,0.7,0.073,0.86,0.02,0.833,0.349,0.816,0.0,0.0,0.128,1.289,0.0,0.0,0.069,1.049,0.049,0.414
Pat Connaughton,0.042,0.895,0.108,0.816,0.093,0.786,0.0,0.0,0.0,0.0,0.369,0.892,0.066,1.267,0.093,1.357,0.15,1.235,0.0,0.0,0.04,0.722
Patrick Beverley,0.066,1.1,0.132,1.25,0.368,0.625,0.0,0.0,0.0,0.0,0.303,1.022,0.0,0.0,0.0,0.0,0.0,0.0,0.0,0.0,0.0,0.0
Patrick McCaw,0.0,0.0,0.158,1.068,0.172,0.458,0.0,0.0,0.0,0.0,0.262,0.74,0.047,0.692,0.161,1.156,0.068,0.947,0.0,0.0,0.072,0.6
Patrick Patterson,0.0,0.0,0.146,0.957,0.0,0.0,0.199,1.016,0.062,1.05,0.436,1.071,0.0,0.0,0.044,0.929,0.0,0.0,0.053,1.118,0.059,0.263
Patty Mills,0.032,1.444,0.1,1.072,0.338,0.787,0.0,0.0,0.0,0.0,0.255,1.183,0.092,0.922,0.025,1.048,0.076,1.079,0.0,0.0,0.071,0.61
Pau Gasol,0.023,0.579,0.054,1.289,0.0,0.0,0.26,1.098,0.159,0.795,0.219,0.856,0.0,0.0,0.094,1.09,0.0,0.0,0.099,1.11,0.075,0.306
Paul George,0.115,0.869,0.168,1.038,0.252,0.89,0.021,1.27,0.024,0.78,0.16,1.218,0.041,0.729,0.021,1.306,0.141,1.091,0.016,0.964,0.041,0.69
Paul Millsap,0.088,0.804,0.1,1.328,0.045,0.962,0.085,0.918,0.188,0.917,0.235,0.949,0.024,1.214,0.074,1.093,0.06,0.571,0.06,1.229,0.04,0.391
Paul Zipser,0.08,0.696,0.104,0.767,0.093,0.111,0.0,0.0,0.0,0.0,0.471,0.941,0.048,0.429,0.052,1.0,0.048,0.571,0.0,0.0,0.055,0.438
Quincy Acy,0.0,0.0,0.075,0.794,0.0,0.0,0.325,0.939,0.0,0.0,0.442,1.005,0.0,0.0,0.022,1.4,0.0,0.0,0.024,0.909,0.068,0.387
Quinn Cook,0.0,0.0,0.222,1.169,0.3,1.011,0.0,0.0,0.0,0.0,0.195,1.211,0.075,0.682,0.044,1.154,0.078,1.174,0.0,0.0,0.055,1.313
Rajon Rondo,0.054,1.028,0.209,0.819,0.368,0.868,0.0,0.0,0.0,0.0,0.195,0.884,0.044,0.828,0.023,0.933,0.015,0.2,0.0,0.0,0.076,0.26
Ramon Sessions,0.0,0.0,0.143,1.286,0.357,0.771,0.0,0.0,0.0,0.0,0.235,0.957,0.0,0.0,0.0,0.0,0.0,0.0,0.0,0.0,0.0,0.0
Raul Neto,0.064,0.385,0.158,1.219,0.34,0.652,0.0,0.0,0.0,0.0,0.261,1.075,0.069,1.357,0.0,0.0,0.0,0.0,0.0,0.0,0.049,0.2
Raymond Felton,0.109,0.6,0.089,0.982,0.453,0.88,0.0,0.0,0.0,0.0,0.22,1.07,0.042,0.778,0.0,0.0,0.028,0.667,0.0,0.0,0.042,0.37
Reggie Bullock,0.0,0.0,0.161,1.273,0.062,0.842,0.0,0.0,0.0,0.0,0.251,1.149,0.262,1.062,0.112,1.333,0.094,1.276,0.023,1.214,0.031,0.368
Reggie Jackson,0.122,0.82,0.135,0.828,0.503,0.943,0.0,0.0,0.0,0.0,0.081,1.0,0.078,0.684,0.0,0.0,0.0,0.0,0.0,0.0,0.048,0.543
Richaun Holmes,0.0,0.0,0.145,1.381,0.0,0.0,0.197,0.947,0.0,0.0,0.17,0.776,0.0,0.0,0.242,1.386,0.0,0.0,0.114,1.303,0.076,0.545
Ricky Rubio,0.042,1.0,0.142,0.883,0.398,0.762,0.0,0.0,0.0,0.0,0.259,0.949,0.076,0.966,0.014,0.625,0.0,0.0,0.009,1.5,0.054,0.79
Robert Covington,0.0,0.0,0.263,1.109,0.031,0.839,0.018,1.222,0.0,0.0,0.36,1.06,0.086,0.874,0.058,1.186,0.082,0.735,0.027,1.074,0.07,0.437
Robin Lopez,0.013,1.0,0.032,1.04,0.0,0.0,0.347,1.055,0.137,0.917,0.102,0.7,0.0,0.0,0.158,1.25,0.0,0.0,0.111,1.103,0.09,0.296
Rodney Hood,0.098,1.016,0.12,1.282,0.275,0.944,0.015,0.6,0.0,0.0,0.192,1.016,0.125,0.914,0.018,1.167,0.114,1.0,0.0,0.0,0.02,0.615
Rodney McGruder,0.0,0.0,0.235,1.474,0.0,0.0,0.0,0.0,0.0,0.0,0.296,1.0,0.0,0.0,0.123,1.3,0.0,0.0,0.0,0.0,0.0,0.0
Rodney Purvis,0.0,0.0,0.213,1.077,0.189,0.609,0.0,0.0,0.0,0.0,0.287,0.429,0.0,0.0,0.0,0.0,0.148,1.0,0.0,0.0,0.0,0.0
Ron Baker,0.0,0.0,0.144,0.538,0.211,0.316,0.0,0.0,0.0,0.0,0.267,1.042,0.0,0.0,0.0,0.0,0.0,0.0,0.0,0.0,0.122,0.727
Rondae Hollis-Jefferson,0.108,0.887,0.198,0.979,0.032,0.935,0.097,1.232,0.15,0.925,0.168,0.915,0.0,0.0,0.123,1.124,0.0,0.0,0.058,0.947,0.052,0.471
Royce O'Neale,0.043,0.563,0.255,1.116,0.148,0.618,0.0,0.0,0.0,0.0,0.363,0.993,0.035,0.231,0.043,1.688,0.035,0.538,0.0,0.0,0.062,0.565
Rudy Gay,0.145,0.969,0.112,1.066,0.084,0.877,0.055,0.892,0.161,0.945,0.239,0.932,0.0,0.0,0.05,1.471,0.024,0.625,0.061,1.415,0.056,0.421
Rudy Gobert,0.0,0.0,0.075,1.255,0.0,0.0,0.238,1.28,0.036,0.875,0.03,0.75,0.0,0.0,0.312,1.303,0.0,0.0,0.158,1.14,0.124,0.524
Russell Westbrook,0.175,0.818,0.232,1.013,0.318,0.85,0.0,0.0,0.07,0.831,0.069,0.887,0.029,0.672,0.012,1.296,0.01,1.136,0.033,1.053,0.051,0.483
Ryan Anderson,0.018,0.7,0.157,1.33,0.0,0.0,0.182,0.941,0.029,1.125,0.378,1.038,0.0,0.0,0.023,0.769,0.093,1.346,0.084,1.191,0.02,0.727
Ryan Arcidiacono,0.0,0.0,0.246,0.786,0.193,1.182,0.0,0.0,0.0,0.0,0.404,0.87,0.0,0.0,0.0,0.0,0.0,0.0,0.0,0.0,0.0,0.0
Salah Mejri,0.0,0.0,0.098,1.2,0.0,0.0,0.275,1.071,0.0,0.0,0.0,0.0,0.0,0.0,0.181,1.432,0.0,0.0,0.211,1.116,0.172,0.4
Sam Dekker,0.041,1.0,0.233,1.203,0.035,0.818,0.054,0.765,0.0,0.0,0.274,0.575,0.0,0.0,0.18,1.404,0.0,0.0,0.076,1.25,0.063,0.6
Sean Kilpatrick,0.075,0.4,0.201,0.926,0.224,1.067,0.0,0.0,0.0,0.0,0.276,1.216,0.082,0.818,0.0,0.0,0.0,0.0,0.0,0.0,0.0,0.0
Semi Ojeleye,0.0,0.0,0.174,0.925,0.0,0.0,0.057,1.0,0.0,0.0,0.478,0.809,0.048,0.818,0.087,1.1,0.0,0.0,0.0,0.0,0.0,0.0
Serge Ibaka,0.047,1.0,0.143,1.076,0.0,0.0,0.202,1.032,0.066,1.066,0.367,1.006,0.0,0.0,0.052,1.313,0.018,1.353,0.062,1.193,0.034,0.355
Shabazz Muhammad,0.16,1.25,0.253,1.474,0.0,0.0,0.0,0.0,0.0,0.0,0.16,1.0,0.0,0.0,0.0,0.0,0.0,0.0,0.0,0.0,0.0,0.0
Shabazz Napier,0.113,0.605,0.127,1.047,0.378,0.871,0.0,0.0,0.0,0.0,0.166,1.089,0.059,1.35,0.024,0.938,0.073,1.327,0.0,0.0,0.044,0.767
Shane Larkin,0.097,0.769,0.112,1.5,0.424,0.649,0.0,0.0,0.0,0.0,0.178,0.854,0.067,0.333,0.0,0.0,0.052,1.5,0.0,0.0,0.037,0.8
Shaquille Harrison,0.067,1.364,0.294,1.25,0.215,0.571,0.0,0.0,0.0,0.0,0.196,0.906,0.0,0.0,0.08,1.077,0.0,0.0,0.0,0.0,0.0,0.0
Shaun Livingston,0.09,0.974,0.254,0.972,0.083,0.6,0.0,0.0,0.154,0.969,0.043,1.167,0.031,0.923,0.199,1.226,0.033,0.714,0.036,0.867,0.073,0.194
Shelvin Mack,0.062,0.706,0.142,1.154,0.403,0.643,0.0,0.0,0.0,0.0,0.21,1.017,0.078,1.047,0.02,1.364,0.0,0.0,0.02,1.455,0.046,0.44
Sindarius Thornwell,0.0,0.0,0.285,0.892,0.067,0.727,0.0,0.0,0.0,0.0,0.411,0.925,0.04,0.615,0.052,1.176,0.0,0.0,0.037,0.667,0.058,0.474
Skal Labissiere,0.06,0.914,0.064,1.27,0.0,0.0,0.181,0.924,0.214,0.653,0.135,0.872,0.0,0.0,0.15,1.172,0.0,0.0,0.116,1.09,0.069,0.375
Solomon Hill,0.0,0.0,0.245,0.923,0.0,0.0,0.0,0.0,0.0,0.0,0.358,0.368,0.0,0.0,0.0,0.0,0.0,0.0,0.0,0.0,0.0,0.0
Spencer Dinwiddie,0.187,0.97,0.103,1.009,0.387,0.847,0.0,0.0,0.0,0.0,0.173,1.053,0.031,0.758,0.0,0.0,0.031,1.061,0.019,1.25,0.06,0.708
Stanley Johnson,0.052,0.568,0.248,1.023,0.139,0.684,0.0,0.0,0.034,0.708,0.323,0.82,0.085,0.567,0.021,1.133,0.02,1.0,0.027,1.158,0.047,1.0
Stephen Curry,0.069,1.051,0.186,1.066,0.261,1.131,0.011,1.583,0.0,0.0,0.113,1.279,0.047,1.151,0.053,1.367,0.178,1.266,0.012,1.071,0.07,1.0
Sterling Brown,0.0,0.0,0.303,0.945,0.066,0.625,0.0,0.0,0.0,0.0,0.386,0.882,0.05,1.333,0.0,0.0,0.062,1.0,0.0,0.0,0.0,0.0
Steven Adams,0.0,0.0,0.089,1.372,0.0,0.0,0.24,1.223,0.112,1.083,0.0,0.0,0.0,0.0,0.217,1.295,0.0,0.0,0.248,0.962,0.093,0.333
T.J. McConnell,0.047,0.846,0.182,0.89,0.36,0.864,0.0,0.0,0.0,0.0,0.191,1.105,0.056,0.968,0.044,1.0,0.0,0.0,0.0,0.0,0.096,0.34
T.J. Warren,0.061,0.737,0.223,1.28,0.14,0.875,0.0,0.0,0.063,0.937,0.116,0.703,0.037,0.804,0.103,1.31,0.136,0.947,0.083,1.115,0.034,0.698
Taj Gibson,0.013,1.333,0.092,1.301,0.0,0.0,0.142,1.124,0.159,1.118,0.152,0.877,0.0,0.0,0.24,1.24,0.0,0.0,0.138,1.12,0.063,0.667
Tarik Black,0.0,0.0,0.0,0.0,0.0,0.0,0.353,1.227,0.0,0.0,0.07,0.538,0.0,0.0,0.214,1.25,0.0,0.0,0.166,0.774,0.118,0.273
Taurean Prince,0.058,0.761,0.18,1.018,0.193,0.63,0.011,1.077,0.0,0.0,0.271,0.979,0.074,1.099,0.02,1.4,0.143,1.011,0.019,1.042,0.028,0.971
Terrance Ferguson,0.0,0.0,0.215,1.225,0.0,0.0,0.0,0.0,0.0,0.0,0.565,0.905,0.0,0.0,0.0,0.0,0.0,0.0,0.0,0.0,0.0,0.0
Terrence Ross,0.0,0.0,0.183,1.047,0.115,0.889,0.0,0.0,0.0,0.0,0.306,0.819,0.157,0.865,0.0,0.0,0.123,0.966,0.0,0.0,0.06,0.5
Terry Rozier,0.087,0.951,0.172,1.184,0.242,0.76,0.0,0.0,0.0,0.0,0.205,1.119,0.076,0.583,0.016,0.867,0.119,1.143,0.023,0.955,0.055,0.615
Thabo Sefolosha,0.0,0.0,0.262,1.338,0.068,0.7,0.0,0.0,0.0,0.0,0.374,1.027,0.0,0.0,0.099,1.517,0.0,0.0,0.054,1.0,0.0,0.0
Tim Frazier,0.078,1.158,0.173,0.786,0.313,0.684,0.0,0.0,0.0,0.0,0.193,0.723,0.074,0.778,0.0,0.0,0.0,0.0,0.0,0.0,0.107,0.385
Tim Hardaway Jr.,0.054,0.891,0.23,1.064,0.189,0.762,0.0,0.0,0.0,0.0,0.222,0.996,0.07,0.986,0.048,1.204,0.116,1.092,0.023,0.917,0.046,0.702
Timofey Mozgov,0.0,0.0,0.079,0.636,0.0,0.0,0.223,1.0,0.158,0.636,0.144,0.9,0.0,0.0,0.187,1.346,0.0,0.0,0.129,1.167,0.072,0.5
Timothe Luwawu-Cabarrot,0.0,0.0,0.213,1.0,0.069,0.435,0.0,0.0,0.0,0.0,0.381,0.945,0.087,0.793,0.075,1.36,0.072,0.833,0.0,0.0,0.066,0.636
Tobias Harris,0.14,1.071,0.153,1.258,0.123,1.04,0.032,1.154,0.1,1.033,0.284,1.13,0.118,0.938,0.031,1.52,0.057,0.913,0.025,0.7,0.026,0.667
Tomas Satoransky,0.045,0.783,0.19,1.143,0.2,0.757,0.0,0.0,0.0,0.0,0.274,1.199,0.054,1.036,0.06,1.677,0.031,0.938,0.047,0.792,0.082,0.452
Tony Allen,0.0,0.0,0.25,1.1,0.0,0.0,0.0,0.0,0.0,0.0,0.175,0.857,0.0,0.0,0.225,0.889,0.0,0.0,0.117,1.0,0.1,0.167
Tony Parker,0.063,0.742,0.122,1.133,0.498,0.812,0.0,0.0,0.0,0.0,0.203,0.79,0.055,1.148,0.022,1.273,0.0,0.0,0.0,0.0,0.02,0.0
Tony Snell,0.029,0.5,0.228,1.236,0.064,0.71,0.0,0.0,0.0,0.0,0.419,1.173,0.116,0.839,0.035,1.176,0.071,0.824,0.0,0.0,0.025,0.583
Torrey Craig,0.0,0.0,0.2,0.714,0.0,0.0,0.0,0.0,0.0,0.0,0.303,1.019,0.069,0.5,0.143,1.36,0.0,0.0,0.16,1.179,0.0,0.0
Travis Wear,0.0,0.0,0.207,0.647,0.0,0.0,0.0,0.0,0.0,0.0,0.463,1.132,0.0,0.0,0.0,0.0,0.0,0.0,0.0,0.0,0.0,0.0
Treveon Graham,0.0,0.0,0.157,1.442,0.055,0.867,0.0,0.0,0.0,0.0,0.489,1.007,0.036,1.0,0.036,1.0,0.0,0.0,0.095,0.846,0.069,0.474
Trevor Ariza,0.022,0.5,0.266,1.313,0.048,0.771,0.04,0.793,0.0,0.0,0.39,1.077,0.042,1.161,0.022,0.875,0.102,0.84,0.023,0.706,0.045,0.697
Trevor Booker,0.0,0.0,0.207,1.367,0.0,0.0,0.196,0.821,0.171,0.882,0.161,1.0,0.0,0.0,0.172,1.68,0.0,0.0,0.131,1.154,0.085,0.529
Trey Burke,0.124,0.786,0.144,1.185,0.422,0.979,0.0,0.0,0.0,0.0,0.14,1.302,0.06,0.889,0.0,0.0,0.031,1.5,0.0,0.0,0.049,0.455
Trey Lyles,0.061,0.78,0.099,1.0,0.018,0.167,0.134,1.156,0.131,1.045,0.294,1.101,0.037,1.04,0.077,1.558,0.049,1.303,0.05,1.029,0.05,0.676
Tristan Thompson,0.0,0.0,0.11,1.353,0.0,0.0,0.188,1.241,0.045,0.714,0.049,0.6,0.0,0.0,0.253,1.231,0.0,0.0,0.25,0.818,0.094,0.31
Troy Daniels,0.015,0.6,0.13,1.118,0.076,0.78,0.0,0.0,0.0,0.0,0.249,1.276,0.177,1.138,0.021,0.857,0.284,1.005,0.0,0.0,0.038,0.36
Troy Williams,0.0,0.0,0.279,1.222,0.078,0.3,0.0,0.0,0.0,0.0,0.279,0.944,0.0,0.0,0.147,1.211,0.0,0.0,0.132,0.941,0.0,0.0
Tyler Cavanaugh,0.0,0.0,0.114,1.2,0.0,0.0,0.171,0.667,0.0,0.0,0.383,1.134,0.0,0.0,0.103,1.5,0.0,0.0,0.143,0.92,0.057,0.5
Tyler Dorsey,0.074,0.97,0.15,0.851,0.228,0.716,0.0,0.0,0.0,0.0,0.282,1.008,0.078,1.057,0.025,1.091,0.114,1.039,0.0,0.0,0.036,0.438
Tyler Ennis,0.091,0.64,0.156,1.116,0.396,0.642,0.0,0.0,0.0,0.0,0.156,0.814,0.065,1.0,0.047,1.615,0.0,0.0,0.0,0.0,0.073,0.65
Tyler Johnson,0.018,0.6,0.153,1.047,0.225,0.868,0.0,0.0,0.0,0.0,0.262,1.05,0.172,0.993,0.04,1.5,0.073,0.902,0.015,0.615,0.037,0.968
Tyler Ulis,0.083,0.65,0.119,0.756,0.529,0.803,0.0,0.0,0.0,0.0,0.118,0.929,0.057,0.78,0.017,1.167,0.0,0.0,0.0,0.0,0.053,0.184
Tyler Zeller,0.0,0.0,0.087,0.96,0.0,0.0,0.33,1.126,0.052,0.8,0.135,1.359,0.0,0.0,0.298,1.432,0.0,0.0,0.153,1.068,0.089,0.545
Tyreke Evans,0.141,1.021,0.172,0.983,0.38,0.969,0.0,0.0,0.0,0.0,0.131,1.083,0.051,1.038,0.019,1.053,0.026,1.462,0.027,0.556,0.048,0.612
Tyrone Wallace,0.048,1.0,0.291,1.01,0.148,0.551,0.0,0.0,0.0,0.0,0.242,0.887,0.042,0.643,0.121,1.15,0.0,0.0,0.0,0.0,0.036,0.5
Tyson Chandler,0.0,0.0,0.066,1.368,0.0,0.0,0.25,1.278,0.0,0.0,0.0,0.0,0.0,0.0,0.208,1.3,0.0,0.0,0.274,1.139,0.184,0.189
Tyus Jones,0.043,0.556,0.24,1.139,0.235,0.899,0.0,0.0,0.0,0.0,0.297,0.976,0.043,1.5,0.029,1.333,0.0,0.0,0.0,0.0,0.09,0.711
Victor Oladipo,0.103,1.028,0.206,1.164,0.377,0.927,0.0,0.0,0.0,0.0,0.101,1.11,0.073,1.008,0.02,1.147,0.064,0.89,0.014,1.042,0.043,0.703
Vince Carter,0.03,0.6,0.096,1.438,0.072,1.0,0.048,1.5,0.102,0.824,0.423,0.972,0.042,0.857,0.048,1.125,0.051,0.706,0.0,0.0,0.063,0.095
Wayne Ellington,0.0,0.0,0.123,1.211,0.044,0.912,0.018,1.143,0.0,0.0,0.215,1.096,0.342,1.064,0.023,1.056,0.196,1.199,0.0,0.0,0.034,0.615
Wayne Selden,0.066,0.826,0.166,1.241,0.28,0.806,0.0,0.0,0.0,0.0,0.249,0.977,0.066,0.913,0.031,0.818,0.077,1.037,0.0,0.0,0.049,0.294
Wes Iwundu,0.048,0.692,0.23,1.016,0.104,0.75,0.0,0.0,0.0,0.0,0.301,0.63,0.052,0.857,0.115,1.419,0.0,0.0,0.074,0.9,0.045,0.333
Wesley Johnson,0.0,0.0,0.192,0.849,0.069,1.032,0.0,0.0,0.0,0.0,0.467,0.947,0.06,0.444,0.078,1.143,0.025,1.182,0.022,1.3,0.069,0.516
Wesley Matthews,0.068,0.643,0.103,1.035,0.118,0.918,0.0,0.0,0.088,1.014,0.311,1.039,0.054,1.045,0.026,1.476,0.179,0.932,0.0,0.0,0.04,0.667
Will Barton,0.098,0.637,0.232,1.163,0.268,0.874,0.0,0.0,0.0,0.0,0.195,1.105,0.056,0.845,0.044,1.339,0.01,1.154,0.037,1.128,0.054,0.812
Willie Cauley-Stein,0.089,0.727,0.094,1.376,0.0,0.0,0.216,0.967,0.161,0.836,0.125,0.798,0.0,0.0,0.148,1.238,0.0,0.0,0.081,0.938,0.072,0.521
Willie Reed,0.0,0.0,0.073,1.167,0.0,0.0,0.238,1.154,0.098,0.625,0.0,0.0,0.0,0.0,0.28,1.435,0.0,0.0,0.146,1.5,0.104,0.765
Willy Hernangomez,0.0,0.0,0.0,0.0,0.0,0.0,0.223,1.185,0.132,1.0,0.0,0.0,0.0,0.0,0.182,1.273,0.0,0.0,0.223,1.0,0.0,0.0
Wilson Chandler,0.104,0.738,0.144,1.063,0.062,0.854,0.013,1.3,0.074,0.982,0.272,0.914,0.072,1.182,0.088,1.147,0.046,1.257,0.072,0.855,0.053,0.537
Xavier Rathan-Mayes,0.0,0.0,0.0,0.0,0.579,0.515,0.0,0.0,0.0,0.0,0.0,0.0,0.0,0.0,0.0,0.0,0.0,0.0,0.0,0.0,0.0,0.0
Yogi Ferrell,0.061,0.865,0.135,0.93,0.302,0.907,0.0,0.0,0.0,0.0,0.272,1.069,0.062,1.057,0.028,1.167,0.085,1.068,0.0,0.0,0.041,0.629
Zach Collins,0.0,0.0,0.041,1.733,0.0,0.0,0.148,1.019,0.165,0.583,0.332,0.785,0.0,0.0,0.115,1.071,0.0,0.0,0.082,0.867,0.093,0.088
Zach LaVine,0.113,0.96,0.161,0.93,0.42,0.897,0.0,0.0,0.0,0.0,0.084,0.703,0.093,0.683,0.0,0.0,0.073,1.063,0.0,0.0,0.0,0.0
Zach Randolph,0.107,1.02,0.045,1.146,0.0,0.0,0.151,0.899,0.318,0.857,0.157,1.034,0.0,0.0,0.04,1.108,0.016,0.8,0.083,1.263,0.069,0.375
Zaza Pachulia,0.0,0.0,0.126,1.167,0.0,0.0,0.162,1.323,0.079,0.767,0.063,0.542,0.0,0.0,0.293,1.357,0.0,0.0,0.131,0.72,0.128,0.122
